CityCode,WellnessCenterCode,Category,DoctorCount,Latitude,Longitude,CityName,WellnessCenterNumber,WellnessCenterAddress
10,AHH7,Homeopathy,1,23.20904,"72.648779
                                        ",Ahmedabad,079-23243433,"1st Floor, A 713/1-2, Sec-8, CH-1, Near Post Office, Gandhinagar-382007"
11,AL06,Allopathy,1,25.43892,81.80141,Prayagraj,0532-2403822,"276/129/2B/19, Chakia,Kaushami Road, Prayagraj-211003"
11,AL08,Allopathy,3,25.45165,81.83114,Prayagraj,0532-2560578,"2nd Floor, Sangam Place, Civil Lines, Allahabad-211001"
11,VN02,Allopathy,1,25.28137,82.9766,Prayagraj,0542-24103705,"N8/236-R-55, Ganeshdham Colony, Nevada, Sundarpur, Varanasi-221005"
12,BA06,Allopathy,4,12.94533,77.57824,Bengaluru,080 26570202,"No. 190, R. V. Road, 2nd Block, Jayanagar, Bangalore-5600011"
12,BA11,Allopathy,1,12.98073,77.60328,Bengaluru,080 25589225,"3rd Floor, Ganesh Towers, Infantry Road"
12,BHB1,Allopathy,1,15.35222,75.14115,Bengaluru,083 6200 2110,"1st Floor, Chitaguppi Hospital, Lamington Rd, Deshpande Nagar, Hubballi, Karnataka"
13,BPH1,Homeopathy,1,23.24227,77.42385,Bhopal,0755 - 2765071,"2nd Floor, Central Govt. Health Scheme, CGHS Bhawan, Plot No. 23,  Arera Hills"
13,IN1,Allopathy,2,22.70057,75.88902,Bhopal,0731-2928022,"Type III Malcom Quarters, Navratan Bagh, Manorama Ganj near St.Rafiel School, Indore MP 452001"
15,JLN1,Allopathy,4,30.33199,76.83214,Chandigarh,"0181-2224066,
7888830858","CGHS Wellness Center Civil linies, P & T Colony, Jalandhar, Punjab -144001"
15,SRN1,Allopathy,2,34.03606,74.80131,Chandigarh,"0194-2437339
9796727717","MINI MATERNITY CENTRE COMPLEX, ANNEX BUILDING, SANAT
NAGAR, SRINAGAR-190005, J & K"
16,CH03,Allopathy,8,13.1241,80.11308,Chennai,044-23458403,"Heavy Vehicles Factory Complex,  Avadi "
16,CH09,Allopathy,1,13.06599,80.24749,Chennai,044-23458409,C&B Block 1st Floor Shastri Bhavan Haddows Rd
16,TRN1,Allopathy,2,8.728503,77.70469,Chennai,0462-2970280,SN High Road Post Office Compound
17,DD3,Allopathy,4,30.3254,78.05253,Dehradun,0135-2652605,"1-Raipur Road, Survey Chowk, Dehradun, Uttarakhand"
18,AY19,Ayurveda,1,28.65878,77.18732,DELHI/HQ/DIRECTORATE/MINISTRY,28720275,"Quarter No 224, Second Floor, H2 Block,  CPWD Multistorey Government Quarters ( Behind Liberty Cinema),Dev Nagar"
18,AY76,Ayurveda,2,28.63091,77.20107,DELHI/HQ/DIRECTORATE/MINISTRY,23363178," CGHS Building, Kali bari Marg"
18,D101,Allopathy,6,28.62854,77.30425,DELHI/HQ/DIRECTORATE/MINISTRY,"011-21210225
011-21210226","CGHS W.C., Opposite Batala Apartment,  I P Extension, Parparganj"
18,D32,Allopathy,5,28.60998,77.19872,DELHI/HQ/DIRECTORATE/MINISTRY,"23013490   , 21410364","153, South Avenue"
18,D36A,Allopathy,7,28.58162,77.06754,DELHI/HQ/DIRECTORATE/MINISTRY,20892480,"POCKET-1, HAF-1 SECTOR-9 DWARKA  OPPOSITE MOUNT EVEREST SOCIETY-75"
18,D37,Allopathy,5,28.5644,77.25625,DELHI/HQ/DIRECTORATE/MINISTRY,26910251,"CGHS  Disp. Building, Srinivaspuri"
18,D5,Allopathy,6,28.64699,77.20988,DELHI/HQ/DIRECTORATE/MINISTRY,"23587511 ,23561574 ","3 & 4, Chitra Gupta Road"
18,D51,Allopathy,4,28.64339,77.20848,DELHI/HQ/DIRECTORATE/MINISTRY,23676019  23620231,"CGHS Building, Near Aram Bagh, New Delhi"
18,D56,Allopathy,5,28.65902,77.28436,DELHI/HQ/DIRECTORATE/MINISTRY,011-21210366,"F3/23,Krishna Nagar(Near Vijay Chowk)"
18,D58,Allopathy,4,28.60893,77.10651,DELHI/HQ/DIRECTORATE/MINISTRY,28521863,"Nangal Raya, D-Block, Janak Puri,  Near Bhagat Hospital."
18,D72,Allopathy,5,28.57687,77.22632,DELHI/HQ/DIRECTORATE/MINISTRY,24622736,"R. 525,526,529, 530, 533 Kasturba Nagar"
18,D78,Allopathy,4,28.52394,77.22757,DELHI/HQ/DIRECTORATE/MINISTRY,29563193,"CGHS WC Building, Sector 4, Pushp Vihar"
18,D8,Allopathy,2,28.65773,77.23527,DELHI/HQ/DIRECTORATE/MINISTRY,011-23866292,"Near Moti Cinema, Chandni Chowk"
18,D83,Allopathy,6,28.589,77.23177,DELHI/HQ/DIRECTORATE/MINISTRY,"24361522, 24367843","C.P.W.D. Complex, Pragati Vihar"
18,D87,Allopathy,6,28.68107,77.31396,DELHI/HQ/DIRECTORATE/MINISTRY,011-22596489,"Pocket-B, Near Sarvodaya Vidyalaya, Dilshad Garden"
18,D94,Allopathy,4,28.68561,77.35259,DELHI/HQ/DIRECTORATE/MINISTRY,0120-2630066,"6/16, Sector 2, New Rajender Nagar, Sahibabad"
18,HO67,Homeopathy,2,28.63083,77.2772,DELHI/HQ/DIRECTORATE/MINISTRY,011-21210277,"2nd Floor, CGHS Building Laxmi Nagar, H-Block,  Vikas Marg (Near Metro Station),Laxmi Nagar"
18,HO68,Homeopathy,2,28.67289,77.49579,DELHI/HQ/DIRECTORATE/MINISTRY,0120-2986968,"CGHS Building, second floor, Kamla Nehru Nagar"
18,UN98,Unani,1,28.62504,77.14352,DELHI/HQ/DIRECTORATE/MINISTRY,25778775,"CGHS WC, First Floor, C- Block, Naraina Vihar, New Delhi"
19,DBR1,Allopathy,2,27.47103,94.89353,Guwahati,"0373-2325111, 0373-2326812","CGHS Wellness Centre, H.No.221, South Amolapatty, P.O-Mohonaghat, Dibrugarh-786008"
19,GK2H,Homeopathy,1,27.34531,88.60688,Guwahati,0359-2284041,"1st Floor, Kludong Khim, H/o Mr T.T. Lachungpa, Opp. DAC(East), Upper Schey, Doctor B.R. Ambedkar Road East Sikkim-737101"
19,SCH1,Allopathy,2,24.83236,92.79809,Guwahati,0384 2291610,"Quarter No.D2 & D3 (Behind POPSK), Cachar Postal Divisional Premises,
Silchar(O/o the Superintendent of Post Offices Premises, Cachar Division), Silchar- 788001"
20,HY15,Allopathy,5,17.40723,78.46693,Hyderabad,040-29560561,"AG'S Office Compound, Saifabad, Hyderabad -500004"
20,HY4,Allopathy,5,17.44548,78.47219,Hyderabad,040-27904259,"Kendriya Swasthya Bhavan, Begumpet,  Hyderabad-500016"
20,HY6,Allopathy,6,17.38694,78.48784,Hyderabad,040-24734901,"Kendriya Sadan, Sultan Bazar Koti, Hyderabad-500095"
20,HY9,Allopathy,6,17.50938,78.50617,Hyderabad,040-27972563,"Pempala Towers, Old Alwal, Secunderabad"
20,HYH1,Homeopathy,2,17.44548,78.47219,Hyderabad,040-27904259,"Kendriya Swasthya Bhavan, Begumpet"
20,HYH2,Homeopathy,2,17.40723,78.46693,Hyderabad,040-29560561,"AG'S Office Compound, Saifabad"
20,HYU2,Unani,1,17.38204,78.43932,Hyderabad,040-23531833,Sharadanagar Colony
20,HYV2,Allopathy,3,17.71951,83.30271,Hyderabad,0891-2546366,"MO I/C, CGHS W.C., Visakhapatnam, Upstairs Dabagardens Post Office,Dabagardens Sub-PO"
20,VAY1,Ayurveda,1,17.72876,83.33459,Hyderabad,0891-2556673,"Door No. 8-5-1, Govt.Mental Care Hospital premises Chinawaltair"
21,JB2,Allopathy,3,23.17032,79.91071,Jabalpur,0761-2416805,"Quarter No. 9-12, Type-III, I.B.M. Colony, Kamla Nehru Nagar, Garha
Road, Jabalpur-482002, Madhya Pradesh"
22,JA1,Allopathy,2,26.91864,75.82113,Jaipur,0141-2329927,"1st Floor, Chandan Mahal"
22,JA3,Allopathy,4,26.87617,75.80459,Jaipur,0141-2710084,"A.G.Colony, Bajaj Nagar, Jaipur"
22,JA5,Allopathy,5,25.16886,75.85364,Jaipur,0141-2743263,"Income Tax Colony, Jyoti Nagar, Jaipur"
22,KOT1,Allopathy,2,25.16886,75.85364,Jaipur,0744-2948001,"CGHS Wellness Center, Behind Akash Mall, Areodram Circle, Kota- 324007"
23,KN9P,Allopathy,2,26.44407,80.28729,Kanpur,0512-2283399,Plot No.8-11
23,KNH1,Homeopathy,2,26.44407,80.28729,Kanpur,0512-228399,Plot No.8-11
24,KO14,Allopathy,4,22.61287,88.40168,Kolkata,25222137,"P-112, Kalindi Housing Scheme, Kolkata -700089 (Near Kalindi Bus stop)"
24,KO20,Ayurveda,1,22.5713,88.4166,Kolkata,23352801,"IC Block, CGHS Complex Salt Lake, Kolkata -700106 (Near Tank No.14)"
25,LK1,Allopathy,6,26.86331,80.99547,Lucknow,0522-2723922,"B114-115, Vibhuti Khand, Gomti Nagar, Lucknow"
25,LK12,Unani,2,26.84367,80.88517,Lucknow,0522 2419754,C 3335 Meena Bakery Road Rajajipuram Lucknow 226017
26,BPT1,Allopathy,2,28.94878,77.2615,Meerut,0121-2279714,"CGHS Wellness Center, Near Sarvodaya Public School,Aggarwal Mandi,Tatiri,Baghpat Meerut Road, Baghpat-250601."
26,MR5,Allopathy,3,28.97464,77.72087,Meerut,0121-2763159,"Swasthya Bhawan, S.K. Road, Meerut"
26,MR6,Allopathy,2,29.00931,77.70656,Meerut,0121-2647895,"DAD Quarters, Lekha Nagar, Meerut Cantt"
26,MRH3,Homeopathy,2,28.99583,77.71182,Meerut,0121-2640074,"154, Western Kutchery Road, Vijay Nagar, Meerut"
27,MU12,Allopathy,7,19.21438,73.18581,Mumbai,0251-2600858,"Old primary School, Ordinance  Estate, Ambarnath,  Thane 421502"
27,MU15,Allopathy,2,19.04518,72.91878,Mumbai,022-25512137,"Deonar Post Office Bldg Telecom Factory, Town ship compound, Deonar, Mumbai- 400088"
27,MU17,Allopathy,2,19.14203,72.93875,Mumbai,022-25619655,"Flat No.321 & 322, Type- IV Cite C, Central Govt, Qrts, Bhandup Mumbai - 400 078"
28,NP2,Allopathy,2,21.15872,79.05749,Nagpur,0712-2955004,"Opposite CBI Quarters, Civil Lines, Nagpur- 440001"
28,NP2A,Allopathy,3,21.16753,79.05589,Nagpur,0712-2955021,"Swasthya Bhawan, Near TV Tower Seminary Hills Nagpur- 440006."
28,NPA2,Ayurveda,3,21.15872,79.05749,Nagpur,0712-2955004,"Opposite CBI Quarters, Civil Lines, "
28,RP2,Allopathy,2,21.22263,81.64153,Nagpur,0771-2272111,"CGHS W.C., Tikrapara, Postal Colony, Tikrapara, Raipur-492001"
29,MUZ1,Allopathy,1,26.13397,85.37809,Patna,0621-2953269,"Income Tax Campus, Sikandarpur, Muzafferpur"
29,PA1,Allopathy,8,25.60772,85.13358,Patna,0612-2950017,"Budhmarg,  Patna-800001"
29,PA2,Allopathy,3,25.60243,85.15492,Patna,"0612-2351484, 2950640","G-3, People's Cooperative Colony, Kankarbagh, Patna-800020"
29,PA7,Ayurveda,2,25.60243,85.15492,Patna,0612-2351484,"G-3, People's Cooperative Colony, Kankarbagh, Patna-800020"
30,PU04,Allopathy,2,18.51915,73.85991,Pune,020-24570018,"""Agneya"", 1st Floor Phadke Haud Chowk 1422, Kasba Peth Pune 411011"
30,PU07,Allopathy,6,18.4949,73.86002,Pune,020-24266402,"Ground Floor, Swasthya Sadan, Mukundnagar, Pune-411 037."
30,PU08,Allopathy,3,18.44603,73.78936,Pune,020-24471602,CWPRS RESIDENTIAL QTRS KHADAKAWASALA
31,HO1,Homeopathy,1,23.34399,85.31845,Ranchi,0651-2481901,"New A.G. Colony Doranda, Ranchi, Jharkhand"
31,RA2,Allopathy,2,23.36961,85.343,Ranchi,0651-2532244,"10 A Deep Villa, Purulia Road, Ranchi, Jharkhand"
31,RA3,Allopathy,2,23.37866,85.33993,Ranchi,0651-2562333,"P & T Colony, Lalpur, Ranchi, Jharkhand"
32,SH2,Allopathy,2,25.57264,91.8869,Shillong,0364-2504451,"CGHS Wellness Centre No.2, Opp. Raj Bhawan, Shillong - 793001"
32,SH3,Homeopathy,1,25.57264,91.8869,Shillong,0364-2504451,CGHS Wellness Centre No.2
33,COH1,Allopathy,2,9.975109,76.29539,Trivandrum,0484- 2954646,"O/o CMO I/C, E-01/ Type V, BSNL quarters"
33,TR4,Ayurveda,2,8.513532,76.97451,Trivandrum,0471-2728110,"O/o CMO I/C, TC 9/1580,  ""Mangalya"" Hospital Road, Sasthamangalam Trivandrum-695010"
10,AH01,Allopathy,5,23.0356,72.56946,Ahmedabad,079-26577393,"1st Floor, S.R.House, Opp. Mount Carmel School, Ashram Road, Ahmedabad-380009"
10,AH04,Allopathy,4,23.06706,"72.555033
                                        ",Ahmedabad,079-27478393,"Govt Qtr No. M/49/289-290, Near sindur party plot, Pragatinagar road, Pragatinagar Ahmedabad -380013"
10,AH08,Allopathy,3,23.22504,"72.495602
                                        ",Ahmedabad,079-25506622,"GPO Compound,  Laldarwaja, Mirzapur,Ahmedabad  -380001                  "
10,AHA7,Ayurveda,2,23.20904,"72.648779
                                        ",Ahmedabad,079-23243433,"1st Floor, A 713/1-2, Sec-8, CH-1, Near Post Office, Gandhinagar-382007"
11,AL04,Allopathy,2,25.47295,81.85707,Prayagraj,0532-2548040,"1/13. Prayag Strit, In front of D. P. Public school, Katra, Prayagraj-211004"
12,BA05,Allopathy,4,12.97777,77.53858,Bengaluru,080 23351893,"Community Center, GPRA Quarters, Vijayanagara, banalore 5600"
12,BA12,Ayurveda,2,12.93527,77.54742,Bengaluru,080 26793000,"No.4013/4014 Hosakerehally Main Road, Giri Nagar, Banashankari, IIIrd Stage, Sita Circle, Bengaluru 560085"
12,BA13,Ayurveda,2,12.96364,77.63971,Bengaluru,080 25355662,"First Floor, Community Center GPRA Quarters Domlur 560071"
13,BP1,Allopathy,1,23.24227,77.42385,Bhopal,0755 - 2765071,"First floor, CGHS Bhawan, Plot No. 23, Arera Hills, Near Meteorological Department,
 Bhopal (M.P) - 462027"
13,BP2,Allopathy,2,23.19898,77.43038,Bhopal,0755- 2566977,"House No. 2 ,Vasant Kunj E 8 ,Arera Colny Near Bharat Nagar, BUSSTOP,Bhopal, MP 462039"
14,BH3,Allopathy,2,20.27209,85.83572,Bhubaneswar,(0674-2535172,"O/o the MO I/C WC-3, Back side of CPMG, Kharvel Nagar, Bhubaneswar, 751001"
15,CG2,Allopathy,4,30.7077,76.79117,Chandigarh,"0172-2997680
9814550505","CGHS WC-2, Press colony, Sec 29-C, Chandigarh 160030"
16,CH02,Allopathy,8,13.08914,80.20449,Chennai,044-23458402,"Central Revenue Qtr No 15, Ranganathan Garden Anna Nagar"
16,CH10,Allopathy,3,13.11586,80.23162,Chennai,044-23458410,"No 1 SRP KOIL STREET, AGARAM JUNCTION, PERAMBUR, CHENNAI"
16,CH11,Allopathy,1,13.02162,80.25964,Chennai,044-23458411,No 6 Kamaraj Saalai Ra Puram Chennai 
16,CH16,Ayurveda,1,13.08914,80.20449,Chennai,044-23458402,Central Revenue Qtr No 15 Ranganathan Garden Anna Nagar
16,CHC1,Allopathy,2,10.99879,76.96699,Chennai,0422-2390015,"CGHS Coimbatore, A Block (CTMX) Central telephone Exchange Building, State Bank Road Coimbatore 641018"
18,AY31,Ayurveda,3,28.61897,77.19915,DELHI/HQ/DIRECTORATE/MINISTRY,23092794,"119,121 North Avenue MP Flats"
18,AY40,Ayurveda,2,28.58239,77.24546,DELHI/HQ/DIRECTORATE/MINISTRY,011-24312213,"Q.No.46, 48, 50, 52, 56, Block No. 8, Jangpura"
18,AY57,Ayurveda,3,28.57353,77.17613,DELHI/HQ/DIRECTORATE/MINISTRY,011-26175146,"CGHS Disp. Building, Sector  XII,  R.K. Puram"
18,AY60,Ayurveda,3,28.69969,77.20152,DELHI/HQ/DIRECTORATE/MINISTRY,011-27459411,"CGHS Wellness Centre KWC, New Police Line, Kingsway Camp"
18,D17A,Allopathy,7,28.64455,77.06975,DELHI/HQ/DIRECTORATE/MINISTRY,28533441,F Block Galaxy Appartment Vikaspuri
18,D18,Allopathy,5,28.64535,77.18963,DELHI/HQ/DIRECTORATE/MINISTRY,35953109," W.C. Polyclinic Lab & No. 1, 23-Pusa Road, New Delhi-110005, Near Karol Bagh Metro Station (Metro pillar No -100)"
18,D21,Allopathy,4,28.57397,77.18153,DELHI/HQ/DIRECTORATE/MINISTRY,20863362,CGHS Bhawan
18,D22A,Allopathy,6,28.45163,77.52129,DELHI/HQ/DIRECTORATE/MINISTRY,0120-2977128,"First floor, P3 Shopping complex, Greater Noida "
18,D23,Allopathy,8,28.58615,77.19619,DELHI/HQ/DIRECTORATE/MINISTRY,24673777 20865003,"D-II/257, 259, Vinay Marg, Chanakyapuri Delhi"
18,D24,Allopathy,2,28.57783,77.22463,DELHI/HQ/DIRECTORATE/MINISTRY,24622867,"CGHS Polyclinic, Kasturba Nagar"
18,D28,Allopathy,4,28.63385,77.24012,DELHI/HQ/DIRECTORATE/MINISTRY,011-23607196,"Office of the CAG of India, CAG Building, 10 Bahadur Shah Zafar Marg"
18,D29,Allopathy,5,28.58221,77.16869,DELHI/HQ/DIRECTORATE/MINISTRY,24670444,"CGHS Disp. Building, Nanakpura"
18,D33A,Allopathy,4,28.63956,76.9603,DELHI/HQ/DIRECTORATE/MINISTRY,20895140,"Delhi Police Training School, Jharoda Kalan, Najafgarh"
18,D34,Allopathy,5,28.62489,77.22345,DELHI/HQ/DIRECTORATE/MINISTRY,23326601,"18-E, Telegraph Lane"
18,D38,Allopathy,4,28.65138,77.16676,DELHI/HQ/DIRECTORATE/MINISTRY,25882551,"15/23,24 Basement, West Patel Nagar"
18,D44,Allopathy,6,28.60602,77.23476,DELHI/HQ/DIRECTORATE/MINISTRY,"23383724 ,21410869","CGHS Building, Dr. Zakir Hussain Road"
18,D45,Allopathy,5,28.63662,77.18491,DELHI/HQ/DIRECTORATE/MINISTRY,28742850,"Additional Director, Office North Zone Ground Floor, New Rajinder Nagar, Shanker Road New Delhi -60 Near PNB&BYPL"
18,D46,Allopathy,5,28.55847,77.18322,DELHI/HQ/DIRECTORATE/MINISTRY,26175323,"CGHS Disp., Building, R.K. Puram, Sector  II"
18,D53,Allopathy,5,28.64564,77.11231,DELHI/HQ/DIRECTORATE/MINISTRY,25171213,"BA Block, NEAR TAGORE BUS STAND/METRO STATION, TATTARPUR DELHI"
18,D57,Allopathy,4,28.57406,77.17585,DELHI/HQ/DIRECTORATE/MINISTRY,26170472,"CGHS Disp. Building, Sector  XII,  R.K. Puram"
18,D64,Allopathy,2,28.67454,77.16035,DELHI/HQ/DIRECTORATE/MINISTRY,27385025,"H.No- 564, Gali No. 37, Onkar Nagar Tri Nagar Near Lal Mandir"
18,D66,Allopathy,7,28.59038,77.0874,DELHI/HQ/DIRECTORATE/MINISTRY,25035839,"Palam Colony, Near Subzi Mandi, Mangla Puri Bus stand, Mangla Puri"
18,D7,Allopathy,4,28.70657,77.22152,DELHI/HQ/DIRECTORATE/MINISTRY,011-23813808,"CGHS Hospital/ Wellness Cenre , Lucknow Road,Timarpur"
18,D70,Allopathy,5,28.40717,77.29738,DELHI/HQ/DIRECTORATE/MINISTRY,0129-2412729,"CGHS Bldg, Neighbourhood Town Ship-4, Near Sect- 21 B"
18,D82,Allopathy,4,28.66923,77.10229,DELHI/HQ/DIRECTORATE/MINISTRY,25268410,"A3 Block , Flat No. A1, A2, A8, Pocket 3, Green Apartments, Opp. Jwala Heri Market Paschim Vihar"
18,D86,Allopathy,8,28.70547,77.11852,DELHI/HQ/DIRECTORATE/MINISTRY,27040169,"B-52 Naharpur Market, Sector-7, Rohini, Near DAV Public School"
18,D9,Allopathy,4,28.58275,77.21997,DELHI/HQ/DIRECTORATE/MINISTRY,24611538,"Ground Floor, CGHS Ayurveda Hospital, CGHS Building, Aliganj, New Delhi-110003"
18,D95,Allopathy,5,28.53006,77.39186,DELHI/HQ/DIRECTORATE/MINISTRY,0120-2568899,"Community Center I, Kendriya Vihar II, Plot 3, Sec. 82, Noida"
18,HO73,Homeopathy,1,28.48227,77.02018,DELHI/HQ/DIRECTORATE/MINISTRY,0124-4064497,"409 ,Sector-5, Gurgaon"
18,UN13,Unani,2,28.57493,77.20791,DELHI/HQ/DIRECTORATE/MINISTRY,011-24673551,"Qr. No. - 897 Type VI , Laxmi Bai  Nagar"
18,UN32,Unani,3,28.61115,77.19996,DELHI/HQ/DIRECTORATE/MINISTRY,23015125,"31 MP Flats, South Avenue"
19,GT5,Allopathy,2,26.11541,91.77284,Guwahati,0361-2236284,"A.G. Residential Complex, Beharbari,Guwahati-781029"
20,HY1,Allopathy,3,17.37313,78.4862,Hyderabad,040-24525415,"22-1-951 Noor Khan Bazaar, Hyderabad 500002"
20,HY10,Allopathy,5,17.44998,78.43073,Hyderabad,040-23810449,"AG's Colony, Vikaspuri, Hyderabad 500045"
20,HY11,Allopathy,6,17.43898,78.35611,Hyderabad,040-23002454,"Hostel Suite No.1 to 8, Hostel Complex, GPRA Quarters, Gachibowli, Hyderabad 500032"
20,HYA2,Ayurveda,1,17.38694,78.48784,Hyderabad,040-24734901,Kendriya Sadan
21,JB3,Allopathy,5,23.18786,79.98076,Jabalpur,0761-2431721,"Block 2 & 5, J-Type Quarter, Vaidyanath Nagar, Ranjhi Main Road,
Jabalpur-482011, Madhya Pradesh"
21,JB6,Allopathy,3,23.19913,79.94507,Jabalpur,0761-2991309,"129, Ravindra Nagar, Adhartal, Jabalpur-482004, Madhya Pradesh"
21,JB7,Ayurveda,1,23.18786,79.98076,Jabalpur,0761-2431721,"Block 2 & 5, J-Type Quarter, Vaidyanath Nagar, Ranjhi Main Road,
Jabalpur-482011, Madhya Pradesh"
21,JBH1,Homeopathy,1,23.16181,79.95531,Jabalpur,0761-2629460,Head Post Office Compound
22,JA10,Ayurveda,3,26.87617,75.80459,Jaipur,0141-2710021,"A.G.Colony, Bajaj Nagar, Jaipur"
23,KN1,Allopathy,5,26.43538,80.31727,Kanpur,0512-2986709,"Plot No.924-A, Block no- W-1, Juhi Kalan, Kanpur-208014"
24,KO18,Allopathy,8,22.57135,88.41666,Kolkata,23353427,CGHS POLYCLINIC COMPLEX
24,KO21,Homeopathy,1,22.5713,88.4166,Kolkata,23352801,"IC Block, CGHS Complex Salt Lake, Kolkata -700106 (Near Tank No.14)"
24,KO22,Unani,2,22.5713,88.4166,Kolkata,23352801,"IC Block, CGHS Complex Salt Lake, Kolkata -700106 (Near Tank No.14)"
24,KO9,Allopathy,3,22.51474,88.32004,Kolkata,033-24010558,Mint Guard House
24,SIL1,Allopathy,3,26.7135,88.42895,Kolkata,0353-2970052,"CGHS Wellness Center Siliguri, 13, Haren Mukherjee Road, Hakimpara Siliguri West Bengal - 7340010"
25,LK2,Allopathy,1,26.88508,80.95124,Lucknow,0522-2329714,"B-1/H Road,Mahanagar extension, Lucknow"
25,LK8,Allopathy,3,26.85268,80.94019,Lucknow,0522-2230077,"PMG/GMT Office, Hazratganj, Lucknow 226001"
26,MR2,Allopathy,2,28.95541,77.73213,Meerut,0121-2600340,"G-Block, Shastri Nagar, Meerut"
26,MR3,Allopathy,2,28.99583,77.71182,Meerut,0121-2640074,"154, Western Kutchery Road, Vijay Nagar, Meerut"
27,MU14,Allopathy,3,19.08336,72.85714,Mumbai,022-026650366,"P & T Colony, Vakola Mumbai- 400029"
27,MU19,Allopathy,3,19.17274,72.94385,Mumbai,022-25616267,"B/2, Type-II P & T. Colony,Mulund(W), Mumbai - 400 080"
27,MU22,Allopathy,4,19.02828,72.86793,Mumbai,022-24015758,"Shaikh Mistry, S.M. Plot, Koliwada, Mumbai - 400 037"
27,MU23,Allopathy,0,18.99467,72.84381,Mumbai,022-24187276,"Govt. Mint Colony, Bldg No.20 Flat No. 41-43, Saibaba Marg, Mint Staff Qtrs, Parel, Mumbai-400012"
27,MU27,Allopathy,0,18.95637,72.80024,Mumbai,022-23641816,"Hyderabad Estate, N.S.Road, Mumbai -400006"
27,MU29,Allopathy,0,18.93984,72.82775,Mumbai,022-22004509,"Old CGO Building (PratishthaBhawan), Ground Floor, South Wing, 101,
M.K. Road, New Marine Lines, Mumbai 400020"
27,MU30,Allopathy,1,18.93984,72.82775,Mumbai,022-24013449,"CGHS Polyclinic  KOLIWADABuilding No. 221, Sector I, Kane Nagar,Mumbai - 400 037."
27,MU5,Allopathy,6,19.10385,72.8574,Mumbai,022-28210971,"Near Airport colony, Bamanawada, Santacruz (w),Mumbai-400029"
27,MU8,Allopathy,7,19.02929,72.86422,Mumbai,022-24013694,"Bldg.No.21, Sectior-1, Kane Nagar,  Mumbai - 400037"
27,MUA2,Ayurveda,2,19.02828,72.86793,Mumbai,022-24015758,"Shaikh Mistry, S.M. Plot,Kolowada, Mumbai - 400037"
28,NP10,Allopathy,1,21.1551,78.99732,Nagpur,07104-224660,"Plot no.75, Shri. Raghunath Shelke's House, Gajanan Society,
Dattawadi, Amravati Road, Nagpur-440023."
28,NP8,Allopathy,5,21.11408,79.06948,Nagpur,0712- 2226516,"Laxman Aptt, Beside Sai Mandir, Wardha Road, Nagpur- 440015"
29,PA8,Homeopathy,2,25.60243,85.15492,Patna,0612-2351484,"G-3, People's Cooperative Colony, Kankarbagh, Patna-800020"
30,PU05,Allopathy,4,18.55146,73.81991,Pune,020-25652045,"Armament Colony, Ganeshkhind Road, Pune-411 020."
30,PU09,Allopathy,1,18.53235,73.87906,Pune,020-26360020,"6, G.T.Road, Pune-411 001"
33,KNU1,Allopathy,2,11.87253,75.39086,Trivandrum,0497-2961613,"CGHS WC, Type II Quarters,  Kannur Range, Aayakar Bhavan, Kannothumchal"
10,AH02,Allopathy,1,23.01269,"72.523626
                                        ",Ahmedabad,079-25693262,"Room no.1,2 and 3 (Ground floor), Aayakar Bhawan, 100 Feet Anand nagar Road, Vejalpur, Ahmedabad-380015"
10,AH07,Allopathy,2,23.20797,"72.648354
                                        ",Ahmedabad,079-23243433,"Sec-8, GH-1 A705/1,2,3 & 4,  Opp. Sector 8 garden, Near sector 7-8 bus stand, Gandhinagar-382007"
10,AH09,Allopathy,4,22.99897,72.60136,Ahmedabad,079-25467055,"2nd Floor, Business Square, Opp. Punjab National Bank"
10,AHA1,Ayurveda,1,23.0356,72.56946,Ahmedabad,079-26577393,"3rd  Floor, S.R.House, Opp. Mount Carmel School, Ashram Road, Ahmedabad- 380009"
10,AHH1,Homeopathy,1,23.0356,72.56946,Ahmedabad,079-26577393,"3rd  Floor, S.R.House, Opp. Mount Carmel School, Ashram Road, Ahmedabad- 380009"
11,ALH1,Homeopathy,1,25.44975,81.83102,Prayagraj,0532-2561310,"2nd Floor, Sangam Place"
12,BA08,Allopathy,2,12.96364,77.63971,Bengaluru,080 25355662,"First Floor, Community Center GPRA Quarters Domlur 560071"
12,BA14,Homeopathy,1,12.98073,77.60328,Bengaluru,080 25588777,"2nd Floor, Ganesh Towers, Infantry Road, Bangalore 560001"
12,BMS1,Allopathy,1,12.31744,76.69202,Bengaluru,0821 2590080,"No. 10, Dr. Rajkumar Main Road, Shakthi Nagar, Mysuru-570029"
14,BH1,Allopathy,3,20.28358,85.83015,Bhubaneswar,"0674-2393612
0674-2393312","O/o The MO I/c, WC-1, CGHS,  Unit IV, Old AG Colony, Bhubaneswar -751001, Odisha"
14,CU1,Allopathy,2,20.4792,85.87706,Bhubaneswar,(0671-2977097) ,"O/o The CMO I/c, CGHS, 15,Contonment Road,Buxi Bazar,Po-Busi Bazar, Cuttack, Pin-753001"
15,CG1,Allopathy,5,30.70476,76.76135,Chandigarh,"0172 - 2925160
9888272255","U.T. CIVIL HOSPITAL COMPLEX, SECTOR 45-C, CHANDIGARH -160047"
15,SL1,Allopathy,3,31.10357,77.14769,Chandigarh,"0177- 2633984
9418043543","Chaura Maidan, Near Institute of Advance Studies, Shimla (H.P)- 171004"
16,CH01,Allopathy,4,12.99196,80.25304,Chennai,044-23458401,"26th Cross Street, Cpwd Qtrs, Indira Nagar, Adyar"
16,CH06,Allopathy,11,13.03691,80.20791,Chennai,044-23458406,Cpwd Quarters Kk Nagar Chennai 600078
16,CH12,Allopathy,1,13.08858,80.28348,Chennai,044-23458412,"No. 1 NSC Bose Road, Amenity Block, Ground Floor, BSNL Telephone Exchange Complex, Flower Bazar, Chennai 600001"
16,TRC1,Allopathy,2,10.80107,78.68722,Chennai,0431-2419428,"Head Post Office Compound, Birds Road Tiruchirapalli - 620001"
18,AY63,Ayurveda,3,28.55538,77.22712,DELHI/HQ/DIRECTORATE/MINISTRY,011-26263767,"HS Wellness Centre, Sadiq Nagar Sec-3 (Near G.K.I)"
18,AY73,Ayurveda,2,28.48227,77.02018,DELHI/HQ/DIRECTORATE/MINISTRY,0124-4064496,"409 ,Sector-5 Gurgaon"
18,D100,Allopathy,5,28.56277,77.05372,DELHI/HQ/DIRECTORATE/MINISTRY,28053080,"HAF Pocket-1 Sector-23 Dwarka, Delhi Near Hanuman Temple"
18,D12,Allopathy,9,28.57386,77.21812,DELHI/HQ/DIRECTORATE/MINISTRY,20846045,"2nd Floor, NBCC Complex, Ashok Market, East Kidwai Nagar"
18,D15,Allopathy,6,28.57498,77.20809,DELHI/HQ/DIRECTORATE/MINISTRY,26874643,"CGHS Disp. Building, Near Navyug School, Laxmibai Nagar"
18,D16,Allopathy,3,28.58356,77.16803,DELHI/HQ/DIRECTORATE/MINISTRY,24670333,"CGHS Building near Begum Zaidi Market, Moti Bagh"
18,D26,Allopathy,5,28.63953,77.09827,DELHI/HQ/DIRECTORATE/MINISTRY,25998900,Near Subzi Mandi Tilak Nagar
18,D27,Allopathy,3,28.62169,77.20104,DELHI/HQ/DIRECTORATE/MINISTRY,"23094777 ,23092990","CGHS Wellness Centre Wing, President Estate"
18,D31,Allopathy,8,28.62426,77.19955,DELHI/HQ/DIRECTORATE/MINISTRY,23094420,"31, North Avenue"
18,D4,Allopathy,2,28.64087,77.22732,DELHI/HQ/DIRECTORATE/MINISTRY,"23234625, 23235368","New Minto Road Hostel, Block-I, Minto Road Complex"
18,D40,Allopathy,5,28.58239,77.24546,DELHI/HQ/DIRECTORATE/MINISTRY,24312213,"Q.No.46, 48, 50, 52, 56, Block No. 8  Jangpura"
18,D52,Allopathy,7,28.57175,77.16701,DELHI/HQ/DIRECTORATE/MINISTRY,26173988,"CGHS Disp. Building, Sector -VIII, R.K. Puram."
18,D55,Allopathy,4,28.63669,77.14527,DELHI/HQ/DIRECTORATE/MINISTRY,25836573,"Flat No. 647, 648, Krishi Kunj, Inder Puri (Entry from Gate No 2)"
18,D6,Allopathy,2,28.67438,77.18317,DELHI/HQ/DIRECTORATE/MINISTRY,011-23655272,"A-517, Nandkishore Gupta Marg, Beside Bank of India, Shastri Nagar"
18,D60,Allopathy,12,28.69969,77.20152,DELHI/HQ/DIRECTORATE/MINISTRY,011-27459411,"CGHS Wellness Centre, New Police Line, Kingsway Camp"
18,D62,Allopathy,4,28.67454,77.16035,DELHI/HQ/DIRECTORATE/MINISTRY,27242028,"D-Block Phase-I, Ashok Vihar"
18,D68,Allopathy,7,28.672,77.48997,DELHI/HQ/DIRECTORATE/MINISTRY,0120-2986968,"CGHS Building, Kamla Nehru Nagar"
18,D69,Allopathy,5,28.55448,77.17894,DELHI/HQ/DIRECTORATE/MINISTRY,26173911,"Qr. No. 733, 735, 737 and 739, Sector III, R.K. Puram"
18,D79,Allopathy,4,28.6639,77.31815,DELHI/HQ/DIRECTORATE/MINISTRY,011-21210150,"C-Block, Yojna Vihar, Near Mother Dairy"
18,D80,Allopathy,5,28.66923,77.10229,DELHI/HQ/DIRECTORATE/MINISTRY,25268410,"A3 Block , Flat No. A1,A2,A8 ,Pocket 3, Green Apartment , Paschim Vihar"
18,D85,Allopathy,6,28.60368,77.33577,DELHI/HQ/DIRECTORATE/MINISTRY,0120-2970157,"R 51, Near Modern School, Sector-11, Noida"
18,D88,Allopathy,4,28.70815,77.15395,DELHI/HQ/DIRECTORATE/MINISTRY,27486048,"BP Block, Shalimar Bagh ,(Near Maharishi Ayurvedic Hospital)"
18,D90,Allopathy,5,28.5414,77.29883,DELHI/HQ/DIRECTORATE/MINISTRY,26940651,"Plot No 11, Sarita Vihar, Institutional Area, Near Telephone Exchange"
18,D92,Allopathy,7,28.42727,77.11023,DELHI/HQ/DIRECTORATE/MINISTRY,0124-2578235,"Opposite HUDA Market, Sector-55"
18,FAPNB,Allopathy,3,28.61102,77.2154,DELHI/HQ/DIRECTORATE/MINISTRY,23063848,First Aid Post
18,FAPSB,Allopathy,2,28.61691,77.21501,DELHI/HQ/DIRECTORATE/MINISTRY,"23382389  ,20842191",First Aid Post
18,HO42,Homeopathy,2,28.53974,77.25946,DELHI/HQ/DIRECTORATE/MINISTRY,011-26430851,"CGHS Maternity Centre Building & Disp., Kalkaji"
18,HO49,Homeopathy,2,28.68153,77.29918,DELHI/HQ/DIRECTORATE/MINISTRY,011-22583766,"CGHS Wellness Centre No. 49, Mansarovar Park, Shahdara (Near DDA Flats)"
18,HO57,Homeopathy,2,28.57346,77.17601,DELHI/HQ/DIRECTORATE/MINISTRY,011-26172222,"CGHS Wellness Centre Building, Sec.-XII, R.K. Puram, "
18,UN28,Unani,0,28.65773,77.23527,DELHI/HQ/DIRECTORATE/MINISTRY,011-23866292,"Near Moti Cinema, Chandni Chowk"
19,GK1,Allopathy,1,27.34531,88.60688,Guwahati,0359-2284041,"1st Floor, Kludong Khim, H/o Mr T.T. Lachungpa, Opp. DAC(East), Upper Schey, Doctor B.R. Ambedkar Road East Sikkim-737101"
19,GT1,Allopathy,2,26.15203,91.79153,Guwahati,0361-2232743,"Shankardev Nagar,Near Housing Colony,Hengrabari,Guwahati-781006"
19,GT3,Allopathy,2,26.14019,91.67627,Guwahati,0361-2670255,"H/o Gokul Ch. Deka,H.No-6, P.N.G.B. Road, In front of Guwahati Nursery, Gotanagar,Guwahati-781033"
19,GT4,Allopathy,2,26.18606,91.74561,Guwahati,0361-2540551,"CGHS WC No.4, In front of Don Bosco School, In front of Don Bosco School, Panbazar, Guwahati-781001"
20,HY13,Allopathy,6,17.40227,78.55809,Hyderabad,040-27209223,"User Interaction Window Complex (UIWC) Survey of India Campus, Beside
Union Bank of India, Uppal, Hyderabad 500039"
20,HY2,Allopathy,5,17.38204,78.43932,Hyderabad,040-23531833,"Sharadanagar Colony, Gudimal Kapur, Hyderabad-500028"
20,HY3,Allopathy,4,17.42445,78.49369,Hyderabad,040-27548898,"Ground Floor, CGO Towers, Kavadiguda, Secunderabad 500080"
20,HY5,Allopathy,5,17.40596,78.47796,Hyderabad,040-23220454,"Oilseeds Quarters Type-1, Behind Lady Hydri Club, Himayatnagar,Hyderabad-500029"
20,HY8,Allopathy,8,17.33796,78.50625,Hyderabad,040-24340685,"DRDO Complex Kanchanbagh,Hyderabad-500058"
20,HYU1,Unani,1,17.37313,78.4862,Hyderabad,040-24525415,22-1-951 Noor Khan Bazaar
20,HYV,Allopathy,4,17.72876,83.33459,Hyderabad,0891-2556673,"Door No. 8-5-1, Govt.Mental Care Hospital premises Chinawaltair,"
20,NEL1,Allopathy,2,14.44211,79.96951,Hyderabad,0861-2326685,"CGHS WELLNESS CENTER, E1Ground floor type V BSNL staff quarters"
22,JA9,Homeopathy,2,26.87617,75.80459,Jaipur,0141-2710021,"A.G.Colony, Bajaj Nagar, Jaipur"
23,GWL1,Allopathy,3,26.21687,78.19988,Kanpur,0751-2920981,"Gate no.2 AGMP colony, Shastri Nagar, Thatipur, Gwalior, M.P., PIN -474011"
23,KN4,Allopathy,2,26.45493,80.35684,Kanpur,0512-2322924,"E-15, Khapra Mohal, Kanpur"
23,KN7,Allopathy,4,26.47991,80.29876,Kanpur,0512-2220455,"TYPE-1-8 Quarters RLI Campus Sarvoday Nagar, Kanpur 208005"
23,KN8,Allopathy,2,26.50119,80.30644,Kanpur,0512-2983898,"2A/186, Azadnagar, Kanpur"
23,KN9,Allopathy,3,26.44407,80.28729,Kanpur,0512-2283399,"Plot No.8-11,  CGHS Ratan Lal Nagar, Kanpur"
23,KNA1,Ayurveda,2,26.44407,80.28729,Kanpur,0512-228399,"Plot No.8-11,  CGHS Ratan Lal Nagar, Kanpur"
24,JLP1,Allopathy,2,26.52126,88.72784,Kolkata,03561-291055,"CGHS Wellness Center Jalpaiguri, Head Post Office Compound, Jalpaiguri, West Bengal - 7351010"
24,KO17,Allopathy,3,22.4827,88.32568,Kolkata,24311328,598 Diamond Harbour Road
24,KO2,Allopathy,3,22.51447,88.35808,Kolkata,033-24661733,"Lake Govt. Qrts. Fl No.55 and 56 Southern Ave., Kolkata -7000029
 (Near Kamala Girl's School/ Vivekananda Park)"
24,KO23,Homeopathy,3,22.52247,88.34768,Kolkata,033-24940109,"1-A , Satish Mukherjee Road"
24,KO24,Allopathy,2,22.79994,88.37152,Kolkata,"033-25616464
9674003887 (M)","Qtr No. 175,176,177,178 OWL Estate,Ishapore, Metal and Steel Factory, Ministry of Defence, North 24 Paraganas,West Bengal - 743144"
24,KO6,Allopathy,5,22.51774,88.39912,Kolkata,033-24415588,"QUARTER NO. D-285, D-286, D-293, CENTRAL EXCISE & CUSTOMS GOVT. QUARTERS

179, SHANTIPALLY, E.M. BYPASS, RAJDANGA MAIN ROAD, KOLKATA-700107"
25,LK13,Allopathy,6,26.84028,80.93988,Lucknow,0522-2789991,"19-B, Sheela Complex Vidhan Sabha Marg, Lucknow"
25,LK14,Homeopathy,2,26.86331,80.99547,Lucknow,0522 4232730,"B114-115, Vibhuti Khand, Gomti Nagar, Lucknow"
26,AGH1,Allopathy,2,27.90017,78.07278,Meerut,0571-2400377,"CGHS Wellness Center, Head Post Office, near Tasveer Mahal, Aligarh -202001"
27,MU20,Allopathy,4,19.21588,72.82322,Mumbai,022-28677353,"D-1/2, Lekha Vihar, Sec-5, Charkop, Kandivli(West), Mumbai-40067"
27,MU21,Allopathy,1,19.10128,72.86229,Mumbai,022-28210959,"P & T Colony, Sahar Mumbai- 400029"
27,MU6,Allopathy,7,19.09062,72.91,Mumbai,022-25149229,"Flat No.25, Central Govt. Quarters, Ghatkopar, Mumbai -400086"
27,MUA1,Ayurveda,1,19.10385,72.8574,Mumbai,022-28210971,"Near Airport Colony, Bamanawada, Santacruz (W), Mumbai - 400029"
28,NP1,Allopathy,5,21.17012,79.06657,Nagpur,0712-2971828,"CPWD Colony, Katol Road, Nagpur- 440013"
28,NP4,Allopathy,2,21.15119,79.11855,Nagpur,0712- 2956036,"Patel Building, Opp Prakash High School, Queta Colony Bus Stop, Lakadganj, Nagpur- 440008"
28,NP6,Allopathy,4,21.13472,79.0567,Nagpur,0712-2249781,"Himalaya Meridian Aptt, Opp LAD College, Shivaji Nagar, Nagpur- 440010"
28,NP9,Allopathy,3,21.13149,79.11599,Nagpur,0712- 2956314,"Plot No. 470, Chaudhary Bhawan, Near Tiranga Chowk, Sakkardara, Nagpur- 440024"
28,NPPO,Allopathy,7,21.17012,79.06657,Nagpur,0712-2580963,"CPWD Colony, Katol Road, Nagpur- 440013"
29,GAY1,Allopathy,1,24.78597,84.98805,Patna,0631-2222257,"CGHS W.C., SSPO Office, Near V.C. Residance AP Coloney, Gaya- 823001"
30,PU06,Allopathy,4,18.55996,73.83774,Pune,020-25819776,"Bldg No.296, Range Hills Estate, Range Hills, Pune-411 020."
30,PU10,Allopathy,4,18.4949,73.86002,Pune,020-24266402,"Ground Floor, Swasthya Sadan, Mukundnagar, Pune-411 037."
32,AG1,Allopathy,2,23.82837,91.29223,Shillong,0381-2510222,"C/o (Prof.) Arunoday Saha, Lake View Road, Shiv Nagar, College Road, Agartala, Tripura West-793004."
32,IM1,Allopathy,2,24.7981,93.95166,Shillong,0385-2442104,"CMO In-chare, CGHS WC, Imphal,Gr. Floor Building of Manipur Voluntery Health Association ((MVHA) Wangkheri Ningthem Pukhri, Mapan, Imphal East Manipur - 795001"
32,IM2,Homeopathy,1,24.7981,93.95166,Shillong,0385-2442104,"CMO In-chare, CGHS WC, Imphal,Gr. Floor Building of Manipur Voluntery Health Association ((MVHA) Wangkheri Ningthem Pukhri, Mapan, Imphal East Manipur - 795001"
33,TR2,Allopathy,2,8.513532,76.97451,Trivandrum,0471-2728110,"O/o CMO I/C, TC 9/1580,  ""Mangalya"" Hospital Road, Sasthamangalam Trivandrum-695010"
33,TR3,Allopathy,5,8.498841,76.94735,Trivandrum,0471-2471143,"O/o CMO I/C,  P S Towers, Tutors Lane, Statue, GPO, Trivandrum 695001"
10,AH06,Allopathy,0,23.0356,72.56946,Ahmedabad,079-26577393,"3rd  Floor, S.R.House, Opp. Mount Carmel School, Ashram Road, Ahmedabad- 380009"
10,VDA,Allopathy,2,22.30268,"73.224506
                                        ",Ahmedabad,0265-2415555,"Panigate Telephone exchange Compound, Ground floor, Nr. Water Tank, Ajwa Road, Panigate, Vadodara-390019"
11,AL03,Allopathy,0,25.43117,81.83338,Prayagraj,0532-2242530,"1130/1130A Kalyani Devi, Allahabad"
11,AL05,Allopathy,1,25.45764,81.7775,Prayagraj,0532-2232562,"9,10,11 &14 Type II, Kendranchal Colony, Preetam Nagar, Allahabad"
11,AL07,Allopathy,1,25.39967,81.86945,Prayagraj,0532-2697132,"236/101-C /1 Chok Daud Nagar Near Swadeshi Cotton Mills, Naini, Allahabad"
11,ALA1,Ayurveda,0,25.44972,81.8311,Prayagraj,0532-2561310,"2nd Floor, Sangam Place, Civil Lines, Prayagraj-211001"
11,VN01,Allopathy,0,25.38535,82.97601,Prayagraj,0542-2290158,"Type-III, Qrtr. Nos. 98,99,100, Kendranchal Colony, Bada Lal Pur, Varansi-221003"
12,BA01,Allopathy,9,12.98187,77.60421,Bengaluru,080-25588777,"2nd Floor, Ganesh Towers, Infantry Road, Bangalore 560001"
12,BA02,Allopathy,4,12.9932,77.57307,Bengaluru,080 23311492,"No.6, Sameera Complex, 1St Main, Seshadripuram, Bangalore 560020"
12,BA03,Allopathy,4,12.93527,77.54742,Bengaluru,080 26793000,"NO-4013/4014, Hosakerehalli Main Road, Girinagar, Banashankari 3rd Stage (Near Seetha circle), Bangalore-560085"
12,BA04,Allopathy,3,13.02606,77.62688,Bengaluru,080 25430759,"No. 669, HBR Main Road 1st stage, 2nd Block, HBR Layout, Bangalore 560023"
12,BA07,Allopathy,3,12.92966,77.6245,Bengaluru,080 25539277,"CPWD Complex, GPRA quarters, Koramangala, Bangalore 560034"
12,BA09,Allopathy,4,13.02281,77.58632,Bengaluru,080 23330320,"No.11, 1st Cross, HGH Layout, Ganganagar, Bangalore-560032"
12,BA10,Allopathy,4,12.99049,77.66186,Bengaluru,080 25243236,"DRDO Complex, C.V. Raman Nagar, Bangalore-560093"
12,BA15,Unani,1,12.98073,77.60328,Bengaluru,080 25588777,"2nd Floor, Ganesh Towers, Infantry Road, Bangalore 560001"
15,AMB1,Allopathy,4,30.33227,76.8329,Chandigarh,"0171-2610711, 9412650790","CGHS Wellness Center P & T Colony, Near Railway Hospital Ambala-133001"
15,JT02,Allopathy,2,32.69721,74.87845,Chandigarh,0191-2950695,"CGHS WC-II, Building adjacent to House no.44/45-P, Sector-4, Trikuta Nagar, Jammu (J & K)-180020"
16,CH05,Allopathy,3,13.01055,80.22192,Chennai,044-23458405,Block No 6/1-5 Bcg Staff Quarters Guindy 
16,CH13,Allopathy,2,13.06984,80.28665,Chennai,044-23458413,CPT QUATERS NAPIER BRIDGE A1 BLOCK TRIPLICANE CHENNAI
16,CH15,Ayurveda,1,13.01055,80.22192,Chennai,044-23458405,Block No 6/1-5 Bcg Staff Quarters Guindy
16,CH18,Siddha,1,13.08914,80.20449,Chennai,044-23458402,Central Revenue Qtr No 15 Ranganathan Garden Anna Nagar
16,CH19,Homeopathy,1,13.03691,80.20791,Chennai,044-23458406,CPWD Quarters Kk Nagar Chennai 600078
16,CH20,Siddha,2,13.03691,80.20791,Chennai,044-23458406,CPWD Quarters Kk Nagar Chennai 600078
16,PD1,Allopathy,2,11.93966,79.79626,Chennai,0413-2277581,IGMC&RI KADIRKAMAM PUDUCHERRY 605009
17,DD2,Allopathy,2,30.3288,78.03991,Dehradun,0135-2659773,"P & T Colony, Chukhuwala, Chakrata Road, Dehradun "
17,DD4,Homeopathy,1,30.3254,78.05253,Dehradun,0135-2652605,"1-Raipur Road, Survey Chowk, Dehradun, Uttarakhand"
17,DD5,Ayurveda,1,30.3288,78.03991,Dehradun,0135-2659773,"P & T Colony, Chukhuwala, Chakrata Road, Dehradun "
18,AY80,Ayurveda,2,28.64564,77.11231,DELHI/HQ/DIRECTORATE/MINISTRY,25268410,"A3 Block , Flat No. A1,A2,A8 ,Pocket 3, Green Apartment , Paschim Vihar"
18,D1,Allopathy,6,28.63428,77.203,DELHI/HQ/DIRECTORATE/MINISTRY,23743810  21400889,"CGHS Building, DIZ Area-II, Gole Market"
18,D10,Allopathy,7,28.58272,77.22517,DELHI/HQ/DIRECTORATE/MINISTRY,24611442,"Block 4-1, 3, 5, 7, Lodhi Road"
18,D103,Allopathy,3,29.00738,77.04064,DELHI/HQ/DIRECTORATE/MINISTRY,0130-4006423,"H.No-58, Sector-15, Part IV"
18,D105,Allopathy,4,28.83781,77.10587,DELHI/HQ/DIRECTORATE/MINISTRY,011-20872651,"Pocket -3, Sector B-4, Police Colony, Narela"
18,D106,Allopathy,3,28.65488,77.40947,DELHI/HQ/DIRECTORATE/MINISTRY,0120- 4962215,"G79, Sector-11, Pratap Vihar"
18,D11,Allopathy,5,28.57253,77.23875,DELHI/HQ/DIRECTORATE/MINISTRY,29816439,"CGHS Disp. Building, Lajpat Nagar Market"
18,D19,Allopathy,5,28.65878,77.18732,DELHI/HQ/DIRECTORATE/MINISTRY,28720275,Block H2 First Floor 121-124 CPWD Multi Storey budling Dev nagar -5 Behind Liberty Cinema
18,D3,Allopathy,5,28.59288,77.12067,DELHI/HQ/DIRECTORATE/MINISTRY,25692914,"Sadar Bazar, Delhi Cantt,Near Geeta Ashram"
18,D39,Allopathy,4,28.56541,77.23137,DELHI/HQ/DIRECTORATE/MINISTRY,26257628,"D-2, 65 & 67"
18,D42,Allopathy,5,28.53984,77.25933,DELHI/HQ/DIRECTORATE/MINISTRY,26430851,CGHS Maternity Centre Building & Disp.
18,D43,Allopathy,4,28.56302,77.17917,DELHI/HQ/DIRECTORATE/MINISTRY,26175132,"Q.No.289, 291, 293, 295, Sector  IV, R.K.Puram."
18,D47,Allopathy,5,28.55069,77.20179,DELHI/HQ/DIRECTORATE/MINISTRY,26567844,"CGHS Dispensary Building, Hauz Khas, SDA"
18,D48,Allopathy,6,28.62489,77.10427,DELHI/HQ/DIRECTORATE/MINISTRY,28125518,"CGHS Hari Nagar, Near DTC Depot, Hari Nagar"
18,D50,Allopathy,4,28.56537,77.17367,DELHI/HQ/DIRECTORATE/MINISTRY,26175490,"CGHS Disp. Building, R.K. Puram, Sector  VI"
18,D50A,Allopathy,4,28.55635,77.16209,DELHI/HQ/DIRECTORATE/MINISTRY,26141978,"CBI Colony, Vasant Vihar, Flat No. 59 B & 59 C"
18,D54,Allopathy,6,28.69091,77.11543,DELHI/HQ/DIRECTORATE/MINISTRY,27021102,"Suvidha Kunj near KIIT WORLDS School, Pitampura Delhi"
18,D67,Allopathy,10,28.63081,77.27749,DELHI/HQ/DIRECTORATE/MINISTRY,011-21210276,"CGHS Building, H-Block, ,Laxmi Nagar,  Vikas Marg"
18,D74,Allopathy,4,28.61997,77.08882,DELHI/HQ/DIRECTORATE/MINISTRY,25619345,"C-4A, Janak Puri, Near Janakpuri Superspeciality Hospital"
18,D75,Allopathy,3,28.53133,77.25182,DELHI/HQ/DIRECTORATE/MINISTRY,26028746,"CGHS Wellness Centre, Community Centre, Plot No : 5 & 6, Alaknanda (Near Muthoot Finance Building)"
18,D81,Allopathy,4,28.69256,77.11517,DELHI/HQ/DIRECTORATE/MINISTRY,27011222,"House No. 1 CGHS Building Parwana Road , Saraswati Vihar, Pitampura (Near Ashutosh Maharaj Ashram)"
18,D84,Allopathy,6,28.70162,77.2674,DELHI/HQ/DIRECTORATE/MINISTRY,011-22565516     011-21230042,"CGHS Wellness Centre,  B2 Block, Yamuna Vihar"
18,FAPCS,Allopathy,3,17.44548,78.47219,DELHI/HQ/DIRECTORATE/MINISTRY,"23092868 ,23092194",First Aid Post
18,FAPVBP,Allopathy,2,28.62103,77.21324,DELHI/HQ/DIRECTORATE/MINISTRY,23736264,Vithal Bhai Patel House
18,HO19,Homeopathy,2,28.6596,77.18783,DELHI/HQ/DIRECTORATE/MINISTRY,011-28724555 ,"Block M2-122,121 & M1-114,First floor, CPWD Residential complex, Multistorey Quarters, Dev Nagar"
18,HO24,Homeopathy,2,28.57783,77.22463,DELHI/HQ/DIRECTORATE/MINISTRY,011 - 24693551,"CGHS Polyclinic, Kasturba Nagar"
18,HO26,Homeopathy,2,28.63953,77.09827,DELHI/HQ/DIRECTORATE/MINISTRY,25998900,Tilak Nagar Near Subzi Mandi
18,HO32,Homeopathy,2,28.61014,77.19892,DELHI/HQ/DIRECTORATE/MINISTRY,23017698,123 South Avenue
18,HO48,Homeopathy,2,28.62489,77.10427,DELHI/HQ/DIRECTORATE/MINISTRY,28125518,"First Floor, Hari Nagar Allopathic WC , Near Hari Nagar DTC Depot, Hari Nagar"
18,HO76,Homeopathy,3,28.63074,77.19993,DELHI/HQ/DIRECTORATE/MINISTRY,23364574,"CGHS building, Kalibari Marg"
19,AZ2H,Homeopathy,1,23.72127,92.71343,Guwahati,0389 - 2334764,"Qtr. No. AIS(1)/C-SD/5 (Double Suit) , AIS Transit Residential Complex, New Secretariat Building, Khatla, Aizawl-796001"
19,KH1,Allopathy,1,25.66651,94.09206,Guwahati,0370-2242041,"H.N. MRH/D-67, Merhuliesta, Opp. Paramedical Training Institute, Nagaland, Kohima-797001"
20,HY12,Allopathy,5,17.36391,78.58507,Hyderabad,040-29885333,Type IV D 17 to D 20 GPRA GSUI Campus Bandlaguda Hyderabad 500068
20,HY7,Allopathy,4,17.37152,78.50104,Hyderabad,040-24529090,"H.No.16-3-994/1/A/1, Opp.Officers Mess, New Malakpet, Hyderabad- 500036"
20,HYA1,Ayurveda,2,17.44548,78.47219,Hyderabad,040-27904259,Kendriya Swasthya Bhavan
20,VHO1,Homeopathy,1,17.72876,83.33459,Hyderabad,0891-2556673,"Door No. 8-5-1, Govt.Mental Care Hospital premises Chinawaltair"
21,JB5,Allopathy,2,23.20436,80.01069,Jabalpur,0761-2430018,"Quarter No.MT/2, Type-V, Westland  Ordanace  Factory Khamariya ,
Jabalpur-482005, Madhya Pradesh"
22,JA2,Allopathy,2,26.91044,75.84168,Jaipur,0141-2610412,"B-121, Janta Colony, Jaipur"
22,JA7,Allopathy,4,26.96647,75.78497,Jaipur,0141-2335850,"Custom & Central Excise Colony, Vidhyadhar Nagar, Jaipur"
24,KO10,Allopathy,5,22.56641,88.34979,Kolkata,033-22622030,"6, Esplanade East ,Kolkata 700069"
24,KO12,Allopathy,3,22.60111,88.41916,Kolkata,23374635,"Bidhan Nagar AF Block Sec.- I, Flat No. 209 & 210."
24,KO13,Allopathy,6,22.63951,88.431,Kolkata,25119442,"New Quarters,Dum Dum, Kolkata  700052. (Nr. Airport Gate no-1)"
24,KO15,Allopathy,3,22.48955,88.35323,Kolkata,24116059,"Tollygunge C.G. Qrts, Ground Floor, Kolkata -700040"
24,KO16,Allopathy,2,22.59222,88.40534,Kolkata,23344849,"Qtrs No. 81 & 82, Type C, Kolkata 700064"
24,KO7,Allopathy,3,22.52247,88.34768,Kolkata,033-24940109,"1-A , Satish Mukherjee Road, Kolkata, 700026"
25,GKP1,Allopathy,2,26.7489,83.36612,Lucknow,0551-2202345,"CGHS Wellness Center Gorakhpur, Old HPO Building, Maya Bazar near
Mahila Chikitsalya Gorakhpur - 273001"
25,LK4,Allopathy,4,26.84367,80.88517,Lucknow,0522-2419756,"C- 3335, Meena Bakery Road Rajajipuram, Lucknow 226017"
25,LK6,Allopathy,3,26.90468,80.94439,Lucknow,0522-2745246,"HSI/10 Sector A, Sitapur Rd, Aliganj Lucknow "
25,LK7,Allopathy,3,26.87369,80.95953,Lucknow,0522-2321433,"1st Flr,P Office Campus, Mahanagar Gol Market, Lucknow 226020"
26,MBD1,Allopathy,2,28.84215,78.77056,Meerut,0591-2412020,"CGHS Wellness Center, Head Post Office, near Moradabad Jail, Moradabad - 244001"
26,MR1,Allopathy,4,28.99749,77.70238,Meerut,0121-2661739,"171/V, Abu Lane, Meerut Cantt."
26,MR4,Allopathy,4,29.02993,77.68402,Meerut,0121-2556394,"Shradhapuri, Kanker Khera, Meerut Cantt."
26,MRA1,Ayurveda,2,28.99749,77.70238,Meerut,0121-2661739,"171/V, Abu Lane, Meerut Cantt."
27,MU11,Allopathy,1,18.9763,72.83562,Mumbai,022-023722150,"Khan Mansion, Flat No.1, 15 Victoria Road, Byculla, Mumbai -400027"
27,MU2,Allopathy,1,18.97322,72.8101,Mumbai,022-23516680,"Income Tax Flats, No. D-1  Pedder Road, Mumbai - 400 026"
27,MU24,Allopathy,4,19.13261,72.9259,Mumbai,022-25784026,"Naval Armament Depot campus, Kanjumarg, Powai, Mumbai -400078"
27,MU25,Allopathy,2,19.23208,72.82992,Mumbai,022-45163787,"F1 upper and lower Metro Staff Quarters for Aakashwani & Doordarshan, Gorai Rd, opp. Gorai Depot, Gorai 1, Borivali, Mumbai,"
27,MU26,Allopathy,1,19.12894,72.87527,Mumbai,022-28365751,"Seepz Qtrs Complex, Qtrs. No. C-1, C-2, Andheri (E), Mumbai 400 096."
27,MU3,Allopathy,2,19.00343,72.81387,Mumbai,022-24932909,"25-C, Ground Floor CGHS Building"
27,MU4,Allopathy,3,19.22224,73.10217,Mumbai,0251-2991945,"Thakurli Wellness Centre (MU4) Shree Nav Varadvinayak CHS ltd, New 90 feet Road,Opp. Omkar International School, Thakurli (East)-421201"
27,MUH2,Homeopathy,1,19.0904,72.91002,Mumbai,022-25149229,"Flat No.25, Central Govt. Qrts, Ghatkopar"
27,MUH3,Homeopathy,1,19.02827,72.86793,Mumbai,022-24015758,"Shaikh Mistry, S.M. Plot,Kolowada, Mumbai - 400037"
28,NP3,Allopathy,2,21.1744,79.10061,Nagpur,0712- 2980828,"Near Jaswant Takij, Indora Chowk, Nagpur- 440026"
28,NP5,Allopathy,2,21.13314,79.09622,Nagpur,0712- 2744490,"Plot No. 79, Ajit Apartment, 1st Floor, Opp. Medical Book Store, Rambagh
Layout, Medical College Square, Nagpur- 440024."
28,NP7,Allopathy,3,21.15158,79.08037,Nagpur,0712- 2565169,"Zero Miles, Near RBI Square, Beside Speed Post Office, Nagpur- 440001"
28,NPA5,Ayurveda,2,21.13314,79.09622,Nagpur,0712- 2744490,"Plot No. 79, Ajit Apartment, 1st Floor"
28,RP1,Allopathy,2,21.26055,81.6558,Nagpur,0771-2582844,"In front of District hospital, Hanuman mandir Chowk, Pandri, Raipur- 492004"
28,RP3,Ayurveda,1,21.26055,81.6558,Nagpur,0771- 2582844,"In front of District hospital, Hanuman mandir Chowk,"
29,CPR1,Allopathy,1,25.77962,84.74539,Patna,06152-232149,"CGHS W.C., Head Post Office Campus, Sahebganj, Chhapra-841301"
29,PA5,Allopathy,2,25.61006,85.20623,Patna,0612-2638950,"Suryanchal, Bhadraghat, SDO Lane, Gulzarbagh, Patna City, Patna"
30,PU02,Allopathy,3,18.55592,73.87567,Pune,020-26685949,"GSI Colony, Phulenagar,Pune-411 006."
30,PU03,Allopathy,3,18.50521,73.87454,Pune,020-26455163,"Chitragupta Complex, Hidayatullah Road, Pune-411 042."
33,TR5,Homeopathy,1,8.513532,76.97451,Trivandrum,0471-2728110,"O/o CMO I/C, TC 9/1580"
10,AH03,Allopathy,4,23.04203,72.56836,Ahmedabad,079-26430021,"Govt Qtrs-B1 &B6, Income tax colony, opp.High court, Ashram road, Ahmedabad-380009"
10,AH05,Allopathy,3,23.0765,"72.651866
                                        ",Ahmedabad,079-22680847,"1st Floor, Medicon Arcade, Near Galaxy Cinema, in front ot IBP Petrol Pump, Naroda - Himmatnagar Highway, Naroda, Ahmedabad - 382330"
10,AH10,Allopathy,1,23.0225,"72.474210
                                        ",Ahmedabad,02717-243144,"AG Govt. Quarters,Block No A(1), QuarterSN 1  B/H Sun City, S P ring road, Bopal,Ahmedabad- 380058     "
10,AHA8,Ayurveda,0,23.22504,"72.495602
                                        ",Ahmedabad,079-25506622,"GPO Compound,  Laldarwaja, Mirzapur,Ahmedabad  -380001                  "
11,AL01,Allopathy,1,25.45531,81.863,Prayagraj,0532-2468188,"41, Jawahar Lal Nehru Road, Allahabad"
11,AL02,Allopathy,1,25.46677,81.82671,Prayagraj,0532-2624435,"4/6, Drummond, Allahabad"
14,BE1,Allopathy,1,19.30823,84.81781,Bhubaneswar,(0680-2291930),"O/o The CMO I/c, CGHS, Po-Engineering School, P & T Colony,Berhampur, Pin-760010 (Odisha)"
14,BH2,Allopathy,3,20.27392,85.83621,Bhubaneswar,"0674-2393545
0674-2393645","O/o The CMO I/C WC-2, Back side of RBI, unit-3, Kharvel Nagar, Bhubaneswar, Pin-751001"
15,AMT1,Allopathy,3,31.63635,74.86676,Chandigarh,"0183-2566160,
7009680346","CGHS Wellness Center-1, ALO Building, Albert Road,(Near BSNL Building)Amritsar, Punjab - 143001"
15,CPK1,Allopathy,2,30.69437,76.8379,Chandigarh,"0172-2990711
9417149057","CGHS WC-1, BSNL telephone Exchange Building, Sec- 16, Panchkula- 134109"
15,JT01,Allopathy,2,32.72306,74.85789,Chandigarh,"0191 - 3521496
9796727717","Exhibition Ground, Dogra Chowk, Jammu ( J & K)-180003"
16,CH04,Allopathy,2,13.05129,80.26476,Chennai,044-23458404,"No 1, 1st Street, Gopalapuram, Chennai"
16,CH07,Allopathy,5,12.98101,80.17638,Chennai,044-23458407,DGQA Complex Meenambakkam Chennai 
16,CH08,Allopathy,1,13.01483,80.19507,Chennai,044-23458408,No 16-19 Cda Res Complex Nandambakkam
16,CH14,Allopathy,2,13.07921,80.24074,Chennai,044-23458414,"NO 10 Vasu Street , Backside of  EGA Theatre .Kilpauk Chennai 600010"
16,CH17,Homeopathy,1,13.08914,80.20449,Chennai,044-23458402,Central Revenue Qtr No 15 Ranganathan Garden Anna Nagar
17,DD1,Allopathy,4,30.31124,78.01212,Dehradun,0135-2521235,"20-Navyug Enclave, Indrapuram, Phase-III, Milan Vihar GMS Road, Dehradun "
18,AY3,Ayurveda,2,28.59288,77.12067,DELHI/HQ/DIRECTORATE/MINISTRY,25692914,"Sadar Bazar, Delhi Cantt,Near Geeta Ashram"
18,AY61,Ayurveda,2,28.61997,77.08882,DELHI/HQ/DIRECTORATE/MINISTRY,25534868,"C-4A, Janak Puri, New Delhi-58,Besides Janakpuri Superspeciality Hospital"
18,AY65,Ayurveda,2,28.52322,77.21947,DELHI/HQ/DIRECTORATE/MINISTRY,011-29564988,"CGHS Wellness Centre Building, Sector  1, M.B. Road"
18,AY67,Ayurveda,2,28.63083,77.2772,DELHI/HQ/DIRECTORATE/MINISTRY,011-21210276,"2nd Floor, CGHS Building Laxmi Nagar, H-Block,  Vikas Marg (Near Metro Station),Laxmi Nagar"
18,AY68,Ayurveda,1,28.672,77.48997,DELHI/HQ/DIRECTORATE/MINISTRY,0120-2986969,"2nd Floor CGHS Building, Kamla Nehru Nagar"
18,D102,Allopathy,5,28.61725,77.29972,DELHI/HQ/DIRECTORATE/MINISTRY,"011-21200691
011-21200692","Ground floor Commnity Hall, EDMC Community Center , Pocket-F, Ward No. 219, Mayur Vihar-II"
18,D104,Allopathy,4,28.41432,77.32236,DELHI/HQ/DIRECTORATE/MINISTRY,0129-2987500,Zila Sainik Board 
18,D2,Allopathy,6,28.60456,77.22803,DELHI/HQ/DIRECTORATE/MINISTRY,20818352,"D-II/365-367, Pandara Road"
18,D41,Allopathy,5,28.53702,77.22245,DELHI/HQ/DIRECTORATE/MINISTRY,26671494,"CGHS Building, Sheikh Sarai, Phase-1,Near Triveni Complex"
18,D59,Allopathy,2,28.67013,77.21778,DELHI/HQ/DIRECTORATE/MINISTRY,011-23973646,"5, Rajpur Road, Old Police Line"
18,D61,Allopathy,14,28.61997,77.08882,DELHI/HQ/DIRECTORATE/MINISTRY,25551434,"C-4A, Janak Puri, Near Janakpuri Superspeciality Hospital"
18,D63,Allopathy,6,28.55538,77.22712,DELHI/HQ/DIRECTORATE/MINISTRY,26255516,"CGHS Wellness Centre Building, Sadiq Nagar Sec-3 (Near G.K.I)"
18,D73,Allopathy,7,28.48227,77.02018,DELHI/HQ/DIRECTORATE/MINISTRY,0124-4064496,"Plot-556,opposite House no-409, near Huda ground , Sector-5"
18,D76,Allopathy,5,28.63063,77.20003,DELHI/HQ/DIRECTORATE/MINISTRY,"23743142, 21400774","CGHS Building, Udyan Marg, Kali Bari Marg , DIZ Area"
18,D77,Allopathy,6,28.60547,77.29439,DELHI/HQ/DIRECTORATE/MINISTRY,011-21200721,"CGHS WC, PratapNagar, Behind Jeewan Anmol Hospital, Mayur Vihar-Phase 1"
18,D89,Allopathy,3,28.73439,77.12515,DELHI/HQ/DIRECTORATE/MINISTRY,"27894403, 40503215",CGHS WC Rohini-16 Pocket A-5 Near Bansal Bhavan and Kids Fort School Delhi
18,D91,Allopathy,4,28.52981,77.15476,DELHI/HQ/DIRECTORATE/MINISTRY,26123790,"9/11, Opp. Bhatnagar International  School, Vasant Kunj"
18,D96,Allopathy,3,28.55482,77.16297,DELHI/HQ/DIRECTORATE/MINISTRY,20867589,"New CGHS Building (Near Mother dairy booth)  CPWD Colony, Vasant Vihar"
18,D97,Allopathy,6,28.64925,77.34096,DELHI/HQ/DIRECTORATE/MINISTRY,0120-2770973,"Flat No. 01-05, Sharda Tower, Sec-4 Vaishali"
18,D98,Allopathy,3,28.62504,77.14352,DELHI/HQ/DIRECTORATE/MINISTRY,25778775,"C-Block, Naraina Vihar, Community Centre, Naraina Vihar"
18,FAPPH,Allopathy,2,28.61713,77.2,DELHI/HQ/DIRECTORATE/MINISTRY,23017275,First Aid Post
18,HO69,Homeopathy,3,28.55468,77.17925,DELHI/HQ/DIRECTORATE/MINISTRY,011-26173911,"CGHS, Qr No. 739 R. K. Puram Sect. 3 "
18,HO7,Homeopathy,2,28.70659,77.22198,DELHI/HQ/DIRECTORATE/MINISTRY,011-23813808,"CGHS Hospital/ Wellness Centre Timarpur, Lucknow Road, Opp. Patrachar Building,Timarpur"
18,HO78,Homeopathy,2,28.52397,77.22737,DELHI/HQ/DIRECTORATE/MINISTRY,011-29563193,"A-B/ 125,126,127  Sector-IV , Pusp Vihar"
19,AZ1,Allopathy,1,23.72127,92.71343,Guwahati,0389 - 2334764,"Qtr. No. AIS(1)/C-SD/5 (Double Suit) , AIS Transit Residential Complex, New Secretariat Building, Khatla, Aizawl-796001"
19,GT6,Homeopathy,1,26.15203,91.79153,Guwahati,"6291524028, 0361-
2232743","Shankar Dev Nagar, Near Housing Colony, Hengrabari Guwahati 781006"
20,GNT1,Allopathy,2,16.29831,80.43104,Hyderabad,0863-2255989,"MO I/C, CGHS W.C., Guntur, Collectorate Sub Post Office, Opp

Collector Office, "
20,HY14,Allopathy,6,17.44548,78.47219,Hyderabad,040-29565132,"Kendriya Swasthya Bhavan, Begumpet,  Hyderabad-500016"
20,RHM1,Allopathy,2,16.99215,81.77775,Hyderabad,0883-2475090,"CGHS W.C. Rajahmundry, Type II P & T "
20,VIJ1,Allopathy,3,16.51172,80.62549,Hyderabad,0866-2571100,"Vijayawada CGHS WC, Arundal Municipal Complex, 1 Floor, Rajagopalachari Street"
21,JB1,Allopathy,5,23.16164,79.92425,Jabalpur,0761-2410681,"1544/A, Ground Floor, Napier Town, Home Science College Road,
Jabalpur-482001, Madhya Pradesh"
21,JB4,Allopathy,4,23.16181,79.95531,Jabalpur,0761-2629460,"Head Post Office Compound, Jabalpur-482001, Madhya Pradesh"
22,AJM1,Allopathy,3,26.45925,74.6358,Jaipur,0145-2432740,"CGHS Wellness Center, Ajmer Head Post Office, Office Campus, P.R. Marg, Ajmer"
22,JA4,Allopathy,7,26.92847,75.78596,Jaipur,0141-2207708,"D-143/A-2, Kaushalya Path, Basant Marg, Banipark, Jaipur"
22,JA6,Allopathy,6,26.84617,75.82226,Jaipur,0141-2755732,"G.S.I. Colony, Malviya Nagar, Jaipur"
22,JA8,Allopathy,6,26.87536,75.80706,Jaipur,0141-2710021,"A.G.Colony, Bajaj Nagar, Jaipur"
22,JDH1,Allopathy,3,26.27768,73.01647,Jaipur,0291-2431340,"CGHS Wellness Center, HPO Building, Station Road, Near Railway Reservation Offie, Jodhpur"
23,KN2,Allopathy,2,26.47098,80.31963,Kanpur,0512-2542379,"110/58, R.K. Nagar, Kanpur-208012"
23,KN3,Allopathy,3,26.47617,80.34646,Kanpur,0512-2989987,"15/45 (A&B) Civil Lines, Kanpur-208001"
23,KN5,Allopathy,5,26.42397,80.31843,Kanpur,0512-2985521,"Kendranchal WC, Building Gulmohar Vihar, Juhi, Kanpur"
23,KN6,Allopathy,4,26.42184,80.36156,Kanpur,0512-2978033," 430, C Block, Shyam Nagar , Kanpur"
23,KNH2,Homeopathy,1,26.47617,80.34646,Kanpur,0512-2989987,"15/45 (A&B) Civil Lines, Kanpur"
24,KO1,Allopathy,3,22.53045,88.33276,Kolkata,033-24791153,"Flat no.68., Belvedere Estate, Kolkata-700027, Near Airpore Zoo/Command Hospital)"
24,KO11,Allopathy,3,22.594,88.2802,Kolkata,26571526,"Govt. of India Press Colony,Santragachi, Howrah-711321, (Near Jagacha Police Station)"
24,KO19,Allopathy,0,22.5713,88.4166,Kolkata,23352801,"IC Block, CGHS Complex Salt Lake, Kolkata -700106 (Near Tank No.14)"
24,KO3,Allopathy,4,22.52192,88.36277,Kolkata,033-24619292,GARIAHAT DOVERLANE
24,KO4,Allopathy,3,22.57853,88.38382,Kolkata,033-23203998,Flat No.27 & 28 Narkeldenga Govt Qrts Kolkata -700054
24,KO8,Allopathy,2,22.57577,88.36089,Kolkata,033-25558034,"AIIH&PH Campus, (CR Avenue), 50 Colootula Street, Kolkata - 700073"
25,AGR1,Allopathy,4,27.16156,78.01499,Lucknow,0562-2226223,"CGHS Wellness Center Agra, BSNL Compound, Agra Taarghar, Shahzadi Mundi, Agra - 282001"
25,BRL1,Allopathy,2,28.35405,79.41048,Lucknow,0581-2555344,"CGHS Wellness Center Bareilly, Postal Colony Compound, Near BSNL exchange, Chaupala, Bareilly - 243003"
25,LK10,Ayurveda,1,26.84028,80.93988,Lucknow,0522 4047533,"B-1, H Road, Mahanagar Extension, Lucknow"
25,LK3,Allopathy,5,26.79107,80.90429,Lucknow,0522-2421992,"CPB/G Sector G, Prem Plaza, Kanpur Road, LDA Colony, Lucknow"
25,LK5,Allopathy,4,26.83361,80.94734,Lucknow,0522-2238841,"12-B Mall Avenue, Lucknow 226001"
25,LK9,Allopathy,0,26.84833,80.90125,Lucknow,0522-2651276,"Kaushalya Niwas, Amethi House, Aishbagh Road P&T, Lucknow"
27,MU1,Allopathy,11,18.93987,72.82775,Mumbai,022-22018799,Old CGO Building
27,MU28,Allopathy,4,19.0846,72.83173,Mumbai,022-26601744,"Telecom Complex, Juhu Tara Road, Santacruz(W),  Mumbai."
27,MU7,Allopathy,4,19.01685,72.8572,Mumbai,022-24124515,"C.G.S. Qtrs, Flat 226-227, Type-IV, Wadala, Mumbai - 400 031"
27,MU9,Allopathy,2,19.05008,72.86827,Mumbai,022-24081616,"Central Labour Inst. Premises, Trombay Road, (Sion), Mumbai - 400022."
27,MUH1,Homeopathy,1,18.93987,72.82775,Mumbai,022-22018799,"Old CGO Building (PratishthaBhawan), Ground Floor, South Wing, 101,
M.K. Road, New Marine Lines, Mumbai 400020"
28,NADT,Allopathy,1,21.17694,79.08334,Nagpur,0712-2322918,"NADT Campus, Near Pagal Khana Chowk, Nagpur- 440030."
28,NCD1,Allopathy,2,19.96212,79.3003,Nagpur,07172-257107,"DTO Building (BSNL), Near Railway Station, Chandrapur (Maharashtra)- 442401"
28,NPH2,Homeopathy,2,21.15872,79.05749,Nagpur,0712-2955004,Opposite CBI Quarters
29,PA3,Allopathy,5,25.62914,85.08453,Patna,0612-2950298,"Central Revenue Colony, Salimpur Dumra, Ashiana Nagar, Patna"
29,PA4,Allopathy,2,25.618,85.12329,Patna,"0612-2532816,
2951571","Krishna Ashram,  Plot No. 1091, East Boring Canal Road, Patna-800001"
30,PU01,Allopathy,4,18.65205,73.7654,Pune,020-27640130,"GPRA QuarterNo.4/182,Central Govt. Colony"
31,RA1,Allopathy,4,23.34448,85.31839,Ranchi,0651-2481901,"New A.G. Colony Doranda, Ranchi, Jharkhand"
32,SH1,Allopathy,3,25.57177,91.89595,Shillong,0364-2501569,"CGHS Wellness Centre No.1, Laitumkhrah, Shillong - 793003, Meghalaya"
33,CAL1,Allopathy,2,11.23691,75.79147,Trivandrum,0495 -2967725,"O/o CMO In Charge, CGHS WC (Calicut), Type VI, Block II"
33,TR1,Allopathy,2,8.533639,76.94111,Trivandrum,0471-2443452,"O/o CMO I/C, TC 3/120, Kesavadasapuram, Thiruvananthapuram"
