CityCode,WellnessCenterCode,Category,DoctorCount,Latitude,Longitude,WellnessCentreName,CityName,WellnessCenterNumber,WellnessCenterAddress
10,AHH7,Homeopathy,1,23.209037,"72.648779
                                        ",NA,Ahmedabad,079-23243433,"1st Floor, A 713/1-2, Sec-8, CH-1, Near Post Office, Gandhinagar-382007"
11,AL06,Allopathy,1,25.438922182494384,"81.80141075767104                                 ",NA,Prayagraj,0532-2403822,"276/129/2B/19, Chakia,Kaushami Road, Prayagraj-211003"
11,AL08,Allopathy,3,25.451654970820016,"81.83114008465789                                 ",NA,Prayagraj,0532-2560578,"2nd Floor, Sangam Place, Civil Lines, Allahabad-211001"
11,VN02,Allopathy,1,25.281370375656408,"82.97659850000001                                 ",NA,Prayagraj,0542-24103705,"N8/236-R-55, Ganeshdham Colony, Nevada, Sundarpur, Varanasi-221005"
12,BA06,Allopathy,4,12.945325943184798,"77.57824340221089                                 ",NA,Bengaluru,"080 26570202","No. 190, R. V. Road, 2nd Block, Jayanagar, Bangalore-5600011"
12,BA11,Allopathy,1,12.980728303527238,"77.60327931349342                                 ",NA,Bengaluru,"080 25589225","3rd Floor, Ganesh Towers, Infantry Road"
12,BHB1,Allopathy,1,15.352223,"75.141154                                         ",NA,Bengaluru,"083 6200 2110","1st Floor, Chitaguppi Hospital, Lamington Rd, Deshpande Nagar, Hubballi, Karnataka"
13,BPH1,Homeopathy,1,23.242265231510494,"77.42385078465789                                 ",NA,Bhopal,"0755 - 2765071","2nd Floor, Central Govt. Health Scheme, CGHS Bhawan, Plot No. 23,  Arera Hills"
13,IN1,Allopathy,2,22.700565028361805,"75.8890219153421                                  ",NA,Bhopal,0731-2928022,"Type III Malcom Quarters, Navratan Bagh, Manorama Ganj near St.Rafiel School, Indore MP 452001"
15,JLN1,Allopathy,4,30.331992,"76.832139                                         ",NA,Chandigarh,"0181-2224066,
7888830858","CGHS Wellness Center Civil linies, P & T Colony, Jalandhar, Punjab -144001"
15,SRN1,Allopathy,2,34.03605948052279,"74.8013137460263                                  ",NA,Chandigarh,"0194-2437339
9796727717","MINI MATERNITY CENTRE COMPLEX, ANNEX BUILDING, SANAT
NAGAR, SRINAGAR-190005, J & K"
16,CH03,Allopathy,8,13.12410440203191,"80.11307789815133                                 ",NA,Chennai,044-23458403,"Heavy Vehicles Factory Complex,  Avadi "
16,CH09,Allopathy,1,13.065991802423376,"80.24749067486182                                 ",NA,Chennai,044-23458409,"C&B Block 1st Floor Shastri Bhavan Haddows Rd"
16,TRN1,Allopathy,2,8.72850318019635,"77.70468858280923                                 ",NA,Chennai,0462-2970280,"SN High Road Post Office Compound"
17,DD3,Allopathy,4,30.325401325476115,"78.05253298280923                                 ",NA,Dehradun,0135-2652605,"1-Raipur Road, Survey Chowk, Dehradun, Uttarakhand"
18,AY19,Ayurveda,1,28.65878376903247,"77.18731973586802                                 ",NA,DELHI/HQ/DIRECTORATE/MINISTRY,28720275,"Quarter No 224, Second Floor, H2 Block,  CPWD Multistorey Government Quarters ( Behind Liberty Cinema),Dev Nagar"
18,AY76,Ayurveda,2,28.63090629887588,"77.20107254232894                                 ",NA,DELHI/HQ/DIRECTORATE/MINISTRY,23363178," CGHS Building, Kali bari Marg"
18,AYHO,Ayurveda,0,28.58232938071568,"77.21984513378437                                 ",NA,DELHI/HQ/DIRECTORATE/MINISTRY,01124694893,"CGHS Ayurvedic Hospital Aliganj, Lodhi Road"
18,D101,Allopathy,6,28.628544646156392,"77.30425424600249                                 ",NA,DELHI/HQ/DIRECTORATE/MINISTRY,"011-21210225
011-21210226","CGHS W.C., Opposite Batala Apartment,  I P Extension, Parparganj"
18,D14,Allopathy,0,,"                                                  ",NA,DELHI/HQ/DIRECTORATE/MINISTRY,9312901213,
18,D30,Allopathy,0,,"                                                  ",NA,DELHI/HQ/DIRECTORATE/MINISTRY,9312901213,
18,D32,Allopathy,5,28.60997982983844,"77.19872335582238                                 ",NA,DELHI/HQ/DIRECTORATE/MINISTRY,"23013490   , 21410364","153, South Avenue"
18,D35,Allopathy,0,,"                                                  ",NA,DELHI/HQ/DIRECTORATE/MINISTRY,9312901213,
18,D36A,Allopathy,7,28.581615263268812,"77.06754115639394                                 ",NA,DELHI/HQ/DIRECTORATE/MINISTRY,20892480,"POCKET-1, HAF-1 SECTOR-9 DWARKA  OPPOSITE MOUNT EVEREST SOCIETY-75"
18,D37,Allopathy,5,28.564396838964736,"77.25624696674274                                 ",NA,DELHI/HQ/DIRECTORATE/MINISTRY,26910251,"CGHS  Disp. Building, Srinivaspuri"
18,D5,Allopathy,6,28.646986187271455,"77.20988200000001                                 ",NA,DELHI/HQ/DIRECTORATE/MINISTRY,"23587511 ,23561574 ","3 & 4, Chitra Gupta Road"
18,D51,Allopathy,4,28.643389024964673,"77.20847664417761                                 ",NA,DELHI/HQ/DIRECTORATE/MINISTRY,"23676019  23620231","CGHS Building, Near Aram Bagh, New Delhi"
18,D56,Allopathy,5,28.659021167280276,"77.28435647486182                                 ",NA,DELHI/HQ/DIRECTORATE/MINISTRY,011-21210366,"F3/23,Krishna Nagar(Near Vijay Chowk)"
18,D58,Allopathy,4,28.60893299303075,"77.10651255647035                                 ",NA,DELHI/HQ/DIRECTORATE/MINISTRY,28521863,"Nangal Raya, D-Block, Janak Puri,  Near Bhagat Hospital."
18,D72,Allopathy,5,28.576869345483114,"77.22632002921654                                 ",NA,DELHI/HQ/DIRECTORATE/MINISTRY,24622736,"R. 525,526,529, 530, 533 Kasturba Nagar"
18,D78,Allopathy,4,28.523938656869458,"77.22756907301314                                 ",NA,DELHI/HQ/DIRECTORATE/MINISTRY,29563193,"CGHS WC Building, Sector 4, Pushp Vihar"
18,D8,Allopathy,2,28.65772616943175,"77.23527372883552                                 ",NA,DELHI/HQ/DIRECTORATE/MINISTRY,011-23866292,"Near Moti Cinema, Chandni Chowk"
18,D83,Allopathy,6,28.588996021283258,"77.23176516931579                                 ",NA,DELHI/HQ/DIRECTORATE/MINISTRY,"24361522, 24367843","C.P.W.D. Complex, Pragati Vihar"
18,D87,Allopathy,6,28.681067718164684,"77.31396290184868                                 ",NA,DELHI/HQ/DIRECTORATE/MINISTRY,011-22596489,"Pocket-B, Near Sarvodaya Vidyalaya, Dilshad Garden"
18,D94,Allopathy,4,28.685613023081597,"77.3525868                                        ",NA,DELHI/HQ/DIRECTORATE/MINISTRY,0120-2630066,"6/16, Sector 2, New Rajender Nagar, Sahibabad"
18,FAPMEA,Allopathy,0,28.58931175872992,"77.1754829153421
                                 ",NA,DELHI/HQ/DIRECTORATE/MINISTRY,,
18,HO67,Homeopathy,2,28.63082858204982,"77.27719946746713                                 ",NA,DELHI/HQ/DIRECTORATE/MINISTRY,011-21210277,"2nd Floor, CGHS Building Laxmi Nagar, H-Block,  Vikas Marg (Near Metro Station),Laxmi Nagar"
18,HO68,Homeopathy,2,28.672886342483945,"77.49579372883552                                 ",NA,DELHI/HQ/DIRECTORATE/MINISTRY,0120-2986968,"CGHS Building, second floor, Kamla Nehru Nagar"
18,UN49,Unani,2,,"                                                  ",NA,DELHI/HQ/DIRECTORATE/MINISTRY,011-22583766,"CGHS Wellness Centre No. 49, Mansarovar Park, Shahdara (Near DDA Flats)"
18,UN98,Unani,1,28.62504214120837,"77.14352482237459                                 ",NA,DELHI/HQ/DIRECTORATE/MINISTRY,25778775,"CGHS WC, First Floor, C- Block, Naraina Vihar, New Delhi"
18,,Allopathy,0,,,NA,DELHI/HQ/DIRECTORATE/MINISTRY,,"VVIP Medical  Unit PMO, South block"
19,DBR1,Allopathy,2,27.47102547549672,"94.89353289502554                                 ",NA,Guwahati,"0373-2325111, 0373-2326812","CGHS Wellness Centre, H.No.221, South Amolapatty, P.O-Mohonaghat, Dibrugarh-786008"
19,GK2H,Homeopathy,1,27.345312053672387,"88.60688478650657                                 ",NA,Guwahati,"0359-2284041
","1st Floor, Kludong Khim, H/o Mr T.T. Lachungpa, Opp. DAC(East), Upper Schey, Doctor B.R. Ambedkar Road East Sikkim-737101"
19,SCH1,Allopathy,2,24.832361637472932,"92.79808551349342                                 ",NA,Guwahati,"0384 2291610","Quarter No.D2 & D3 (Behind POPSK), Cachar Postal Divisional Premises, 
Silchar(O/o the Superintendent of Post Offices Premises, Cachar Division), Silchar- 788001"
20,HY15,Allopathy,5,17.407227868522643,"78.46693191534209                                 ",NA,Hyderabad,040-29560561,"AG'S Office Compound, Saifabad, Hyderabad -500004"
20,HY4,Allopathy,5,17.44548094271661,"78.47219018650657                                 ",NA,Hyderabad,040-27904259,"Kendriya Swasthya Bhavan, Begumpet,  Hyderabad-500016"
20,HY6,Allopathy,6,17.386937562239982,"78.48784312883555                                 ",NA,Hyderabad,040-24734901,"Kendriya Sadan, Sultan Bazar Koti, Hyderabad-500095"
20,HY9,Allopathy,6,17.509383677903394,"78.5061700846579                                  ",NA,Hyderabad,040-27972563,"Pempala Towers, Old Alwal, Secunderabad"
20,HYH1,Homeopathy,2,17.44548094271661,"78.47219018650657                                 ",NA,Hyderabad,040-27904259,"Kendriya Swasthya Bhavan, Begumpet"
20,HYH2,Homeopathy,2,17.407227868522643,"78.46693191534209                                 ",NA,Hyderabad,040-29560561,"AG'S Office Compound, Saifabad"
20,HYU2,Unani,1,17.382037352817825,"78.43931734232895                                 ",NA,Hyderabad,040-23531833,"Sharadanagar Colony"
20,HYV2,Allopathy,3,17.7195130457421,"83.30270616931578                                 ",NA,Hyderabad,0891-2546366,"MO I/C, CGHS W.C., Visakhapatnam, Upstairs Dabagardens Post Office,Dabagardens Sub-PO"
20,VAY1,Ayurveda,1,17.7287599573352,"83.33459217116446                                 ",NA,Hyderabad,0891-2556673,"Door No. 8-5-1, Govt.Mental Care Hospital premises Chinawaltair"
21,JB2,Allopathy,3,23.170319146864276,"79.91071301164475                                 ",NA,Jabalpur,0761-2416805,"Quarter No. 9-12, Type-III, I.B.M. Colony, Kamla Nehru Nagar, Garha
Road, Jabalpur-482002, Madhya Pradesh"
22,JA1,Allopathy,2,26.918640641861984,"75.82113283068418                                 ",NA,Jaipur,0141-2329927,"1st Floor, Chandan Mahal"
22,JA3,Allopathy,4,26.876166184507653,"75.8045898306842                                  ",NA,Jaipur,0141-2710084,"A.G.Colony, Bajaj Nagar, Jaipur"
22,JA5,Allopathy,5,25.168858218774506,"75.85364135582239                                 ",NA,Jaipur,0141-2743263,"Income Tax Colony, Jyoti Nagar, Jaipur"
22,KOT1,Allopathy,2,25.168858218774506,"75.85364135582239                                 ",NA,Jaipur,0744-2948001,"CGHS Wellness Center, Behind Akash Mall, Areodram Circle, Kota- 324007"
23,KN9P,Allopathy,2,26.444070535039874,"80.28728616931578                                 ",NA,Kanpur,0512-2283399,"Plot No.8-11"
23,KNH1,Homeopathy,2,26.444070535039874,"80.28728616931578                                 ",NA,Kanpur,0512-228399,"Plot No.8-11"
24,KO14,Allopathy,4,22.612872224942176,"88.40168352513818                                 ",NA,Kolkata,25222137,"P-112, Kalindi Housing Scheme, Kolkata -700089 (Near Kalindi Bus stop)"
24,KO20,Ayurveda,1,22.571295587322183,"88.41659895767106                                 ",NA,Kolkata,23352801,"IC Block, CGHS Complex Salt Lake, Kolkata -700106 (Near Tank No.14)"
25,LK1,Allopathy,6,26.863310206812123,"80.99547027116448                                 ",NA,Lucknow,0522-2723922,"B114-115, Vibhuti Khand, Gomti Nagar, Lucknow"
25,LK12,Unani,2,26.843668377212243,"80.88516899999999                                 ",NA,Lucknow,"0522 2419754","C 3335 Meena Bakery Road Rajajipuram Lucknow 226017"
26,BPT1,Allopathy,2,28.94878360701736,"77.26150486321706                                 ",NA,Meerut,0121-2279714,"CGHS Wellness Center, Near Sarvodaya Public School,Aggarwal Mandi,Tatiri,Baghpat Meerut Road, Baghpat-250601."
26,MR5,Allopathy,3,28.974643499985554,"77.72087259815133                                 ",NA,Meerut,0121-2763159,"Swasthya Bhawan, S.K. Road, Meerut"
26,MR6,Allopathy,2,29.009305730533466,"77.70656427116448                                 ",NA,Meerut,0121-2647895,"DAD Quarters, Lekha Nagar, Meerut Cantt"
26,MRH3,Homeopathy,2,28.99582744520205,"77.71182199815134                                 ",NA,Meerut,0121-2640074,"154, Western Kutchery Road, Vijay Nagar, Meerut"
26,SHN2,Allopathy,2,29.955641151102768,"77.54946981349342                                 ",NA,Meerut,NA,"CGHS Wellness Center, Gill Colony, Saharanpur - 247001"
27,GO1,Allopathy,2,15.455184986214277,"73.84528574787497                                 ",NA,Mumbai,8322458566,"D II (A,B & C) HPT, Air Staff Quarters Complex, Bambolim, Goa -403206"
27,MU12,Allopathy,7,19.214379476357948,"73.18581244584713                                 ",NA,Mumbai,0251-2600858,"Old primary School, Ordinance  Estate, Ambarnath,  Thane 421502"
27,MU15,Allopathy,2,19.045184618888577,"72.9187779                                        ",NA,Mumbai,022-25512137,"Deonar Post Office Bldg Telecom Factory, Town ship compound, Deonar, Mumbai- 400088
"
27,MU17,Allopathy,2,19.142030429887644,"72.93875221534209                                 ",NA,Mumbai,022-25619655,"Flat No.321 & 322, Type- IV Cite C, Central Govt, Qrts, Bhandup Mumbai - 400 078"
28,NP2,Allopathy,2,21.15871523042476,"79.05748809075664                                 ",NA,Nagpur,0712-2955004,"Opposite CBI Quarters, Civil Lines, Nagpur- 440001"
28,NP2A,Allopathy,3,21.167528002780813,"79.05589377070703                                 ",NA,Nagpur,0712-2955021,"Swasthya Bhawan, Near TV Tower Seminary Hills Nagpur- 440006."
28,NPA2,Ayurveda,3,21.15871523042476,"79.05748809075664                                 ",NA,Nagpur,0712-2955004,"Opposite CBI Quarters, Civil Lines, "
28,RP2,Allopathy,2,21.222634427511803,"81.64153391534211                                 ",NA,Nagpur,0771-2272111,"CGHS W.C., Tikrapara, Postal Colony, Tikrapara, Raipur-492001"
29,MUZ1,Allopathy,1,26.133969331942225,"85.37809168650658                                 ",NA,Patna,0621-2953269,"Income Tax Campus, Sikandarpur, Muzafferpur"
29,PA1,Allopathy,8,25.607720162444032,"85.13358018650655                                 ",NA,Patna,0612-2950017,"Budhmarg,  Patna-800001"
29,PA2,Allopathy,3,25.60242969881338,"85.15492172883553                                 ",NA,Patna,"0612-2351484, 2950640","G-3, People's Cooperative Colony, Kankarbagh, Patna-800020"
29,PA7,Ayurveda,2,25.60242969881338,"85.15492172883553                                 ",NA,Patna,0612-2351484,"G-3, People's Cooperative Colony, Kankarbagh, Patna-800020"
30,PU04,Allopathy,2,18.519148245309882,"73.85990901719077                                 ",NA,Pune,020-24570018,"""Agneya"", 1st Floor Phadke Haud Chowk 1422, Kasba Peth Pune 411011"
30,PU07,Allopathy,6,18.494899830075553,"73.86001548650657                                 ",NA,Pune,020-24266402,"Ground Floor, Swasthya Sadan, Mukundnagar, Pune-411 037."
30,PU08,Allopathy,3,18.44602644688303,"73.78936315225302                                 ",NA,Pune,020-24471602,"CWPRS RESIDENTIAL QTRS KHADAKAWASALA"
31,HO1,Homeopathy,1,23.343986086831748,"85.31845054232895                                 ",NA,Ranchi,0651-2481901,"New A.G. Colony Doranda, Ranchi, Jharkhand"
31,RA2,Allopathy,2,23.36961204973481,"85.34300362698687                                 ",NA,Ranchi,0651-2532244,"10 A Deep Villa, Purulia Road, Ranchi, Jharkhand"
31,RA3,Allopathy,2,23.37866258074445,"85.33993135582239                                 ",NA,Ranchi,0651-2562333,"P & T Colony, Lalpur, Ranchi, Jharkhand"
32,SH2,Allopathy,2,25.57263766868102,"91.88689890369734                                 ",NA,Shillong,0364-2504451,"CGHS Wellness Centre No.2, Opp. Raj Bhawan, Shillong - 793001"
32,SH3,Homeopathy,1,25.57263766868102,"91.88689890369734                                 ",NA,Shillong,0364-2504451,"CGHS Wellness Centre No.2"
33,COH1,Allopathy,2,9.975109183034549,"76.29539164417761                                 ",NA,Trivandrum,"0484- 2954646","O/o CMO I/C, E-01/ Type V, BSNL quarters"
33,TR4,Ayurveda,2,8.513531717649377,"76.97451377301314                                 ",NA,Trivandrum,0471-2728110,"O/o CMO I/C, TC 9/1580,  ""Mangalya"" Hospital Road, Sasthamangalam Trivandrum-695010"
10,AH01,Allopathy,5,23.03560077037483,"72.56946001719075                                 ",NA,Ahmedabad,079-26577393,"1st Floor, S.R.House, Opp. Mount Carmel School, Ashram Road, Ahmedabad-380009"
10,AH04,Allopathy,4,23.067056,"72.555033
                                        ",NA,Ahmedabad,079-27478393,"Govt Qtr No. M/49/289-290, Near sindur party plot, Pragatinagar road, Pragatinagar Ahmedabad -380013"
10,AH08,Allopathy,3,23.225038,"72.495602
                                        ",NA,Ahmedabad,079-25506622,"GPO Compound,  Laldarwaja, Mirzapur,Ahmedabad  -380001                  "
10,AHA7,Ayurveda,2,23.209037,"72.648779
                                        ",NA,Ahmedabad,079-23243433,"1st Floor, A 713/1-2, Sec-8, CH-1, Near Post Office, Gandhinagar-382007"
11,AL04,Allopathy,2,25.472946047589712,"81.8570718134934                                  ",NA,Prayagraj,0532-2548040,"1/13. Prayag Strit, In front of D. P. Public school, Katra, Prayagraj-211004"
12,BA05,Allopathy,4,12.977774032836056,"77.53858006357926                                 ",NA,Bengaluru,"080 23351893","Community Center, GPRA Quarters, Vijayanagara, banalore 5600"
12,BA12,Ayurveda,2,12.935266425671946,"77.54742194492087                                 ",NA,Bengaluru,"080 26793000","No.4013/4014 Hosakerehally Main Road, Giri Nagar, Banashankari, IIIrd Stage, Sita Circle, Bengaluru 560085"
12,BA13,Ayurveda,2,12.963641813462397,"77.63971101589482                                 ",NA,Bengaluru,"080 25355662","First Floor, Community Center GPRA Quarters Domlur 560071"
13,BP1,Allopathy,1,23.242265231510494,"77.42385078465789                                 ",NA,Bhopal,"0755 - 2765071","First floor, CGHS Bhawan, Plot No. 23, Arera Hills, Near Meteorological Department, 
 Bhopal (M.P) - 462027"
13,BP2,Allopathy,2,23.19897712798932,"77.43037701719076                                 ",NA,Bhopal,"0755- 2566977","House No. 2 ,Vasant Kunj E 8 ,Arera Colny Near Bharat Nagar, BUSSTOP,Bhopal, MP 462039"
14,BH3,Allopathy,2,20.27208951048852,"85.83572423863161                                 ",NA,Bhubaneswar,"(0674-2535172
","O/o the MO I/C WC-3, Back side of CPMG, Kharvel Nagar, Bhubaneswar, 751001"
15,CG2,Allopathy,4,30.70770167747908,"76.79117445767103                                 ",NA,Chandigarh,"0172-2997680
9814550505","CGHS WC-2, Press colony, Sec 29-C, Chandigarh 160030"
15,CGAY1,Ayurveda,1,30.69436857964779,"76.83789528835526                                 ",NA,Chandigarh,,"CGHS Ayurvedic Wellness Centre-1 (Chandigarh), First floor, BSNL Telephone Exchange Building, Scetor - 16 Panchkula  - 134109"
16,CH02,Allopathy,8,13.089141576818465,"80.20448887486181                                 ",NA,Chennai,044-23458402,"Central Revenue Qtr No 15, Ranganathan Garden Anna Nagar"
16,CH10,Allopathy,3,13.115860418215195,"80.23161636931579                                 ",NA,Chennai,044-23458410,"No 1 SRP KOIL STREET, AGARAM JUNCTION, PERAMBUR, CHENNAI"
16,CH11,Allopathy,1,13.021619079559484,"80.25964345582237                                 ",NA,Chennai,044-23458411,"No 6 Kamaraj Saalai Ra Puram Chennai "
16,CH16,Ayurveda,1,13.089141576818465,"80.20448887486181                                 ",NA,Chennai,044-23458402,"Central Revenue Qtr No 15 Ranganathan Garden Anna Nagar"
16,CHC1,Allopathy,2,10.998790174093566,"76.96698559630265                                 ",NA,Chennai,0422-2390015,"CGHS Coimbatore, A Block (CTMX) Central telephone Exchange Building, State Bank Road Coimbatore 641018"
18,AY31,Ayurveda,3,28.618971514316687,"77.1991482                                        ",NA,DELHI/HQ/DIRECTORATE/MINISTRY,23092794,"119,121 North Avenue MP Flats"
18,AY40,Ayurveda,2,28.58239077311044,"77.24545522698685                                 ",NA,DELHI/HQ/DIRECTORATE/MINISTRY,011-24312213,"Q.No.46, 48, 50, 52, 56, Block No. 8, Jangpura"
18,AY57,Ayurveda,3,28.57352691975171,"77.1761298                                        ",NA,DELHI/HQ/DIRECTORATE/MINISTRY,011-26175146,"CGHS Disp. Building, Sector  XII,  R.K. Puram"
18,AY60,Ayurveda,3,28.699692224082114,"77.20152047486181                                 ",NA,DELHI/HQ/DIRECTORATE/MINISTRY,011-27459411,"CGHS Wellness Centre KWC, New Police Line, Kingsway Camp"
18,AY70,Ayurveda,1,28.407174934042814,"77.2973786965497                                  ",NA,DELHI/HQ/DIRECTORATE/MINISTRY,01292412729,"CGHS Bldg,Neighbourh"
18,D17A,Allopathy,7,28.64454853314737,"77.06975134936144                                 ",NA,DELHI/HQ/DIRECTORATE/MINISTRY,28533441,"F Block Galaxy Appartment Vikaspuri"
18,D18,Allopathy,5,28.645354208169977,"77.18963266268318                                 ",NA,DELHI/HQ/DIRECTORATE/MINISTRY,35953109," W.C. Polyclinic Lab & No. 1, 23-Pusa Road, New Delhi-110005, Near Karol Bagh Metro Station (Metro pillar No -100)"
18,D21,Allopathy,4,28.57397338353132,"77.18152661109028                                 ",NA,DELHI/HQ/DIRECTORATE/MINISTRY,20863362,"CGHS Bhawan"
18,D22A,Allopathy,6,28.45163091164676,"77.52128768650657                                 ",NA,DELHI/HQ/DIRECTORATE/MINISTRY,0120-2977128,"First floor, P3 Shopping complex, Greater Noida "
18,D23,Allopathy,8,28.5861499573469,"77.19619252883551                                 ",NA,DELHI/HQ/DIRECTORATE/MINISTRY,"24673777 20865003","D-II/257, 259, Vinay Marg, Chanakyapuri Delhi"
18,D24,Allopathy,2,28.57782944116074,"77.2246275306842                                  ",NA,DELHI/HQ/DIRECTORATE/MINISTRY,24622867,"CGHS Polyclinic, Kasturba Nagar"
18,D28,Allopathy,4,28.63384762580265,"77.24012318650655                                 ",NA,DELHI/HQ/DIRECTORATE/MINISTRY,011-23607196,"Office of the CAG of India, CAG Building, 10 Bahadur Shah Zafar Marg"
18,D29,Allopathy,5,28.582205086889925,"77.16869388096055                                 ",NA,DELHI/HQ/DIRECTORATE/MINISTRY,24670444,"CGHS Disp. Building, Nanakpura"
18,D33A,Allopathy,4,28.639558251001674,"76.9603047744996                                  ",NA,DELHI/HQ/DIRECTORATE/MINISTRY,20895140,"Delhi Police Training School, Jharoda Kalan, Najafgarh"
18,D34,Allopathy,5,28.624894729073425,"77.22345472883552                                 ",NA,DELHI/HQ/DIRECTORATE/MINISTRY,23326601,"18-E, Telegraph Lane"
18,D38,Allopathy,4,28.651376189390373,"77.1667554362302                                  ",NA,DELHI/HQ/DIRECTORATE/MINISTRY,25882551,"15/23,24 Basement, West Patel Nagar"
18,D44,Allopathy,6,28.606016343536037,"77.23475625951973                                 ",NA,DELHI/HQ/DIRECTORATE/MINISTRY,"23383724 ,21410869","CGHS Building, Dr. Zakir Hussain Road"
18,D45,Allopathy,5,28.636616105396055,"77.18491197505234                                 ",NA,DELHI/HQ/DIRECTORATE/MINISTRY,28742850,"Additional Director, Office North Zone Ground Floor, New Rajinder Nagar, Shanker Road New Delhi -60 Near PNB&BYPL"
18,D46,Allopathy,5,28.558465451443517,"77.1832176441776                                  ",NA,DELHI/HQ/DIRECTORATE/MINISTRY,26175323,"CGHS Disp., Building, R.K. Puram, Sector  II"
18,D53,Allopathy,5,28.64563874612111,"77.11230517819699                                 ",NA,DELHI/HQ/DIRECTORATE/MINISTRY,25171213,"BA Block, NEAR TAGORE BUS STAND/METRO STATION, TATTARPUR DELHI"
18,D57,Allopathy,4,28.574061684867345,"77.17585235582239                                 ",NA,DELHI/HQ/DIRECTORATE/MINISTRY,26170472,"CGHS Disp. Building, Sector  XII,  R.K. Puram"
18,D64,Allopathy,2,28.67453680029376,"77.16035410864302                                 ",NA,DELHI/HQ/DIRECTORATE/MINISTRY,27385025,"H.No- 564, Gali No. 37, Onkar Nagar Tri Nagar Near Lal Mandir"
18,D65,Allopathy,6,,"                                                  ",NA,DELHI/HQ/DIRECTORATE/MINISTRY,29564988,"CGHS Building, Sector  1, M.B. Road"
18,D66,Allopathy,7,28.59038002242396,"77.08739725121012                                 ",NA,DELHI/HQ/DIRECTORATE/MINISTRY,25035839,"Palam Colony, Near Subzi Mandi, Mangla Puri Bus stand, Mangla Puri"
18,D7,Allopathy,4,28.70657372894953,"77.22152218650656                                 ",NA,DELHI/HQ/DIRECTORATE/MINISTRY,011-23813808,"CGHS Hospital/ Wellness Cenre , Lucknow Road,Timarpur"
18,D70,Allopathy,5,28.407174934042814,"77.2973786965497                                  ",NA,DELHI/HQ/DIRECTORATE/MINISTRY,0129-2412729,"CGHS Bldg, Neighbourhood Town Ship-4, Near Sect- 21 B"
18,D71,Allopathy,4,,"                                                  ",NA,DELHI/HQ/DIRECTORATE/MINISTRY,26741983,"DDA Flat, JNU Campus, Munirka"
18,D82,Allopathy,4,28.669229832413397,"77.10229025808977                                 ",NA,DELHI/HQ/DIRECTORATE/MINISTRY,25268410,"A3 Block , Flat No. A1, A2, A8, Pocket 3, Green Apartments, Opp. Jwala Heri Market Paschim Vihar"
18,D86,Allopathy,8,28.705473695869724,"77.11851942833934                                 ",NA,DELHI/HQ/DIRECTORATE/MINISTRY,27040169,"B-52 Naharpur Market, Sector-7, Rohini, Near DAV Public School"
18,D9,Allopathy,4,28.58275082163675,"77.21996991534209                                 ",NA,DELHI/HQ/DIRECTORATE/MINISTRY,24611538,"Ground Floor, CGHS Ayurveda Hospital, CGHS Building, Aliganj, New Delhi-110003"
18,D95,Allopathy,5,28.530055215258972,"77.39185964417763                                 ",NA,DELHI/HQ/DIRECTORATE/MINISTRY,0120-2568899,"Community Center I, Kendriya Vihar II, Plot 3, Sec. 82, Noida"
18,HO73,Homeopathy,1,28.482273520669892,"77.02017605582239                                 ",NA,DELHI/HQ/DIRECTORATE/MINISTRY,0124-4064497,"409 ,Sector-5, Gurgaon"
18,UN13,Unani,2,28.574927930854358,"77.20791262698685                                 ",NA,DELHI/HQ/DIRECTORATE/MINISTRY,011-24673551,"Qr. No. - 897 Type VI , Laxmi Bai  Nagar"
18,UN32,Unani,3,28.61115350300376,"77.19995835582239                                 ",NA,DELHI/HQ/DIRECTORATE/MINISTRY,23015125,"31 MP Flats, South Avenue"
18,,Ayurveda,0,,,NA,DELHI/HQ/DIRECTORATE/MINISTRY,9312901213,
19,GT5,Allopathy,2,26.11541435440693,"91.77283640518381                                 ",NA,Guwahati,"0361-2236284
","A.G. Residential Complex, Beharbari,Guwahati-781029"
20,HY1,Allopathy,3,17.373127471236756,"78.48620381349342                                 ",NA,Hyderabad,040-24525415,"22-1-951 Noor Khan Bazaar, Hyderabad 500002"
20,HY10,Allopathy,5,17.449977819370904,"78.43072837301315                                 ",NA,Hyderabad,040-23810449,"AG's Colony, Vikaspuri, Hyderabad 500045"
20,HY11,Allopathy,6,17.438982653459124,"78.35610835582239                                 ",NA,Hyderabad,040-23002454,"Hostel Suite No.1 to 8, Hostel Complex, GPRA Quarters, Gachibowli, Hyderabad 500032"
20,HYA2,Ayurveda,1,17.386937562239982,"78.48784312883555                                 ",NA,Hyderabad,040-24734901,"Kendriya Sadan"
21,JB3,Allopathy,5,23.187855074183776,"79.98076008650656                                 ",NA,Jabalpur,0761-2431721,"Block 2 & 5, J-Type Quarter, Vaidyanath Nagar, Ranjhi Main Road,
Jabalpur-482011, Madhya Pradesh"
21,JB6,Allopathy,3,23.19912669317366,"79.94507294048027                                 ",NA,Jabalpur,0761-2991309,"129, Ravindra Nagar, Adhartal, Jabalpur-482004, Madhya Pradesh"
21,JB7,Ayurveda,1,23.187855074183776,"79.98076008650656                                 ",NA,Jabalpur,0761-2431721,"Block 2 & 5, J-Type Quarter, Vaidyanath Nagar, Ranjhi Main Road,
Jabalpur-482011, Madhya Pradesh"
21,JBH1,Homeopathy,1,23.16180617761771,"79.95530791164474                                 ",NA,Jabalpur,0761-2629460,"Head Post Office Compound"
22,JA10,Ayurveda,3,26.876166184507653,"75.8045898306842                                  ",NA,Jaipur,0141-2710021,"A.G.Colony, Bajaj Nagar, Jaipur"
23,KN1,Allopathy,5,26.435381323493978,"80.3172701566033                                  ",NA,Kanpur,0512-2986709,"Plot No.924-A, Block no- W-1, Juhi Kalan, Kanpur-208014"
24,KO18,Allopathy,8,22.571348211832444,"88.41665968836001                                 ",NA,Kolkata,23353427,"CGHS POLYCLINIC COMPLEX 

"
24,KO21,Homeopathy,1,22.571295587322183,"88.41659895767106                                 ",NA,Kolkata,23352801,"IC Block, CGHS Complex Salt Lake, Kolkata -700106 (Near Tank No.14)"
24,KO22,Unani,2,22.571295587322183,"88.41659895767106                                 ",NA,Kolkata,23352801,"IC Block, CGHS Complex Salt Lake, Kolkata -700106 (Near Tank No.14)"
24,KO9,Allopathy,3,22.514740710955394,"88.32003937301316                                 ",NA,Kolkata,033-24010558,"Mint Guard House"
24,SIL1,Allopathy,3,26.71349704757861,"88.4289472416207                                  ",NA,Kolkata,0353-2970052,"CGHS Wellness Center Siliguri, 13, Haren Mukherjee Road, Hakimpara Siliguri West Bengal - 7340010"
25,LK2,Allopathy,1,26.885075092148504,"80.95124232698684                                 ",NA,Lucknow,0522-2329714,"B-1/H Road,Mahanagar extension, Lucknow"
25,LK8,Allopathy,3,26.85267755709709,"80.94019159999999                                 ",NA,Lucknow,0522-2230077,"PMG/GMT Office, Hazratganj, Lucknow 226001"
26,MR2,Allopathy,2,28.955407998821936,"77.73212528835525                                 ",NA,Meerut,0121-2600340,"G-Block, Shastri Nagar, Meerut"
26,MR3,Allopathy,2,28.99582744520205,"77.71182199815134                                 ",NA,Meerut,0121-2640074,"154, Western Kutchery Road, Vijay Nagar, Meerut"
27,GO2,Ayurveda,1,15.455184986214277,"73.84528574787497                                 ",NA,Mumbai,8322458566,"D II (A,B & C) HPT, Air Staff Quarters Complex, Bambolim, Goa -403206"
27,MU13,Allopathy,6,,,NA,Mumbai,022-0870898,"A-1 wing, A-2 Wing,  Ground Floor, CGO Complex, Near RBI,Sector -10,
CBD Belapur, Navi Mumbai,- 400614"
27,MU14,Allopathy,3,19.083364672350292,"72.85713608895558                                 ",NA,Mumbai,022-026650366,"P & T Colony, Vakola Mumbai- 400029"
27,MU19,Allopathy,3,19.17273771372521,"72.94385128502611                                 ",NA,Mumbai,022-25616267,"B/2, Type-II P & T. Colony,Mulund(W), Mumbai - 400 080"
27,MU22,Allopathy,4,19.02828098475627,"72.86793185954353                                 ",NA,Mumbai,022-24015758,"Shaikh Mistry, S.M. Plot, Koliwada, Mumbai - 400 037"
27,MU23,Allopathy,0,18.99466612926277,"72.8438073476927                                  ",NA,Mumbai,022-24187276,"Govt. Mint Colony, Bldg No.20 Flat No. 41-43, Saibaba Marg, Mint Staff Qtrs, Parel, Mumbai-400012
"
27,MU27,Allopathy,0,18.956373381487904,"72.8002415957335                                  ",NA,Mumbai,022-23641816,"Hyderabad Estate, N.S.Road, Mumbai -400006"
27,MU29,Allopathy,0,18.93984359717284,"72.82774827292636                                 ",NA,Mumbai,022-22004509,"Old CGO Building (PratishthaBhawan), Ground Floor, South Wing, 101,
M.K. Road, New Marine Lines, Mumbai 400020"
27,MU30,Allopathy,1,18.93984359717284,"72.82774827292636                                 ",NA,Mumbai,022-24013449,"CGHS Polyclinic  KOLIWADABuilding No. 221, Sector I, Kane Nagar,Mumbai - 400 037."
27,MU5,Allopathy,6,19.103847378914,"72.85739965314477                                 ",NA,Mumbai,022-28210971,"Near Airport colony, Bamanawada, Santacruz (w),Mumbai-400029"
27,MU8,Allopathy,7,19.029292363792454,"72.86422292878791                                 ",NA,Mumbai,022-24013694,"Bldg.No.21, Sectior-1, Kane Nagar,  Mumbai - 400037"
27,MUA2,Ayurveda,2,19.0282778235186,"72.86792696878078                                 ",NA,Mumbai,022-24015758,"Shaikh Mistry, S.M. Plot,Kolowada, Mumbai - 400037"
28,NP10,Allopathy,1,21.155096984590806,"78.99731574086134                                 ",NA,Nagpur,07104-224660,"Plot no.75, Shri. Raghunath Shelke's House, Gajanan Society,
Dattawadi, Amravati Road, Nagpur-440023."
28,NP8,Allopathy,5,21.114081120844386,"79.06947687895038                                 ",NA,Nagpur,"0712- 2226516","Laxman Aptt, Beside Sai Mandir, Wardha Road, Nagpur- 440015"
29,DBG1,Allopathy,1,26.157475216208145,"85.89839962883552                                 ",NA,Patna,9470404332,"CGHS W.C., CGHS Bela, Near Postal Training Centre, Darbhanga"
29,PA8,Homeopathy,2,25.60242969881338,"85.15492172883553                                 ",NA,Patna,0612-2351484,"G-3, People's Cooperative Colony, Kankarbagh, Patna-800020"
30,PU05,Allopathy,4,18.551460341384406,"73.81991328835525                                 ",NA,Pune,020-25652045,"Armament Colony, Ganeshkhind Road, Pune-411 020."
30,PU09,Allopathy,1,18.532347708572253,"73.87905793253286                                 ",NA,Pune,020-26360020,"6, G.T.Road, Pune-411 001"
30,PUA07,Ayurveda,2,18.494899830075553,"73.86001548650657                                 ",NA,Pune,,"Ground Floor"
30,PUAU1,Allopathy,2,,,NA,Pune,,"GST Bhavan,Annex building 5, Town Center, Cannought Place, Cidco-Chhatrapati Sambhajinagar-431003"
30,PUH05,Homeopathy,2,18.551460341384406,"73.81991328835525                                 ",NA,Pune,,"Armament Colony"
33,KNU1,Allopathy,2,11.872526232172438,"75.39086455951971                                 ",NA,Trivandrum,0497-2961613,"CGHS WC, Type II Quarters,  Kannur Range, Aayakar Bhavan, Kannothumchal"
10,AH02,Allopathy,1,23.012685,"72.523626
                                        ",NA,Ahmedabad,079-25693262,"Room no.1,2 and 3 (Ground floor), Aayakar Bhawan, 100 Feet Anand nagar Road, Vejalpur, Ahmedabad-380015"
10,AH07,Allopathy,2,23.207968,"72.648354
                                        ",NA,Ahmedabad,079-23243433,"Sec-8, GH-1 A705/1,2,3 & 4,  Opp. Sector 8 garden, Near sector 7-8 bus stand, Gandhinagar-382007"
10,AH09,Allopathy,4,22.998966,"72.601363                                         ",NA,Ahmedabad,079-25467055,"2nd Floor, Business Square, Opp. Punjab National Bank"
10,AHA1,Ayurveda,1,23.03560077037483,"72.56946001719075                                 ",NA,Ahmedabad,079-26577393,"3rd  Floor, S.R.House, Opp. Mount Carmel School, Ashram Road, Ahmedabad- 380009"
10,AHH1,Homeopathy,1,23.03560077037483,"72.56946001719075                                 ",NA,Ahmedabad,079-26577393,"3rd  Floor, S.R.House, Opp. Mount Carmel School, Ashram Road, Ahmedabad- 380009"
10,AHH8,Ayurveda,0,,"                                                  ",NA,Ahmedabad,9312901213,"GPO Compound,  Laldarwaja, Mirzapur,Ahmedabad  -380001                  "
11,ALH1,Homeopathy,1,25.44975366201659,"81.83101744048028                                 ",NA,Prayagraj,0532-2561310,"2nd Floor, Sangam Place"
12,BA08,Allopathy,2,12.963641813462397,"77.63971101589482                                 ",NA,Bengaluru,"080 25355662","First Floor, Community Center GPRA Quarters Domlur 560071"
12,BA14,Homeopathy,1,12.980728303527238,"77.60327931349342                                 ",NA,Bengaluru,"080 25588777","2nd Floor, Ganesh Towers, Infantry Road, Bangalore 560001"
12,BMS1,Allopathy,1,12.317441942075925,"76.69202078835525                                 ",NA,Bengaluru,"0821 2590080","No. 10, Dr. Rajkumar Main Road, Shakthi Nagar, Mysuru-570029"
13,BP3,Ayurveda,1,23.242265231510494,"77.42385078465789                                 ",NA,Bhopal,9312901213,"2nd Floor, Central Govt. Health Scheme, CGHS Bhawan"
13,INA1,Ayurveda,1,22.700565028361805,"75.8890219153421                                  ",NA,Bhopal,7024109245,"Type III Malcom Quarters, Navratan Bagh, Manorama Ganj near St.Rafiel School, Indore MP 452001"
14,BH1,Allopathy,3,20.283575175288217,"85.83014606746711                                 ",NA,Bhubaneswar,"0674-2393612
0674-2393312
","O/o The MO I/c, WC-1, CGHS,  Unit IV, Old AG Colony, Bhubaneswar -751001, Odisha"
14,CU1,Allopathy,2,20.479204837715415,"85.87706389815133                                 ",NA,Bhubaneswar,"(0671-2977097) ","O/o The CMO I/c, CGHS, 15,Contonment Road,Buxi Bazar,Po-Busi Bazar, Cuttack, Pin-753001"
15,CG1,Allopathy,5,30.70475565819617,"76.76134927116448                                 ",NA,Chandigarh,"0172 - 2925160
9888272255","U.T. CIVIL HOSPITAL COMPLEX, SECTOR 45-C, CHANDIGARH -160047"
15,SL1,Allopathy,3,31.10356764370369,"77.14768789815133                                 ",NA,Chandigarh,"0177- 2633984
9418043543","Chaura Maidan, Near Institute of Advance Studies, Shimla (H.P)- 171004"
16,CH01,Allopathy,4,12.991955860909579,"80.2530434813416                                  ",NA,Chennai,044-23458401,"26th Cross Street, Cpwd Qtrs, Indira Nagar, Adyar"
16,CH06,Allopathy,11,13.036909239956675,"80.2079093153421                                  ",NA,Chennai,044-23458406,"Cpwd Quarters Kk Nagar Chennai 600078"
16,CH12,Allopathy,1,13.088580378267675,"80.283484                                         ",NA,Chennai,044-23458412,"No. 1 NSC Bose Road, Amenity Block, Ground Floor, BSNL Telephone Exchange Complex, Flower Bazar, Chennai 600001"
16,PDH1,Homeopathy,1,11.939658389546032,"79.79626220184866                                 ",NA,Chennai,9312901213,"IGMC&RI KADIRKAMAM PUDUCHERRY 605009"
16,TRC1,Allopathy,2,10.801070150841797,"78.6872237560129                                  ",NA,Chennai,0431-2419428,"Head Post Office Compound, Birds Road Tiruchirapalli - 620001"
18,AY63,Ayurveda,3,28.555377239190122,"77.2271222                                        ",NA,DELHI/HQ/DIRECTORATE/MINISTRY,011-26263767,"HS Wellness Centre, Sadiq Nagar Sec-3 (Near G.K.I)"
18,AY73,Ayurveda,2,28.482273520669892,"77.02017605582239                                 ",NA,DELHI/HQ/DIRECTORATE/MINISTRY,0124-4064496,"409 ,Sector-5 Gurgaon"
18,D100,Allopathy,5,28.562773404030597,"77.05371860518382                                 ",NA,DELHI/HQ/DIRECTORATE/MINISTRY,28053080,"HAF Pocket-1 Sector-23 Dwarka, Delhi Near Hanuman Temple"
18,D12,Allopathy,9,28.573860976031675,"77.21812005121012                                 ",NA,DELHI/HQ/DIRECTORATE/MINISTRY,20846045,"2nd Floor, NBCC Complex, Ashok Market, East Kidwai Nagar"
18,D15,Allopathy,6,28.574976884732234,"77.20809401719077                                 ",NA,DELHI/HQ/DIRECTORATE/MINISTRY,26874643,"CGHS Disp. Building, Near Navyug School, Laxmibai Nagar"
18,D16,Allopathy,3,28.583564928825727,"77.16802798578219                                 ",NA,DELHI/HQ/DIRECTORATE/MINISTRY,24670333,"CGHS Building near Begum Zaidi Market, Moti Bagh"
18,D26,Allopathy,5,28.639527941606815,"77.09827469409178                                 ",NA,DELHI/HQ/DIRECTORATE/MINISTRY,25998900,"Near Subzi Mandi Tilak Nagar"
18,D27,Allopathy,3,28.621692722442056,"77.2010421693158                                  ",NA,DELHI/HQ/DIRECTORATE/MINISTRY,"23094777 ,23092990","CGHS Wellness Centre Wing, President Estate"
18,D31,Allopathy,8,28.624263477724085,"77.19955081349343                                 ",NA,DELHI/HQ/DIRECTORATE/MINISTRY,23094420,"31, North Avenue"
18,D4,Allopathy,2,28.64086569396279,"77.2273167288355                                  ",NA,DELHI/HQ/DIRECTORATE/MINISTRY,"23234625, 23235368","New Minto Road Hostel, Block-I, Minto Road Complex"
18,D40,Allopathy,5,28.58239077311044,"77.24545522698685                                 ",NA,DELHI/HQ/DIRECTORATE/MINISTRY,24312213,"Q.No.46, 48, 50, 52, 56, Block No. 8  Jangpura"
18,D52,Allopathy,7,28.571749645778777,"77.16701221164476                                 ",NA,DELHI/HQ/DIRECTORATE/MINISTRY,26173988,"CGHS Disp. Building, Sector -VIII, R.K. Puram."
18,D55,Allopathy,4,28.63669178891007,"77.14526701389332                                 ",NA,DELHI/HQ/DIRECTORATE/MINISTRY,25836573,"Flat No. 647, 648, Krishi Kunj, Inder Puri (Entry from Gate No 2)"
18,D6,Allopathy,2,28.674378856926985,"77.18316652702258                                 ",NA,DELHI/HQ/DIRECTORATE/MINISTRY,011-23655272,"A-517, Nandkishore Gupta Marg, Beside Bank of India, Shastri Nagar"
18,D60,Allopathy,12,28.699692224082114,"77.20152047486181                                 ",NA,DELHI/HQ/DIRECTORATE/MINISTRY,011-27459411,"CGHS Wellness Centre, New Police Line, Kingsway Camp"
18,D62,Allopathy,4,28.67453680029376,"77.16035410864302                                 ",NA,DELHI/HQ/DIRECTORATE/MINISTRY,27242028,"D-Block Phase-I, Ashok Vihar"
18,D68,Allopathy,7,28.67200327864245,"77.48996745767106                                 ",NA,DELHI/HQ/DIRECTORATE/MINISTRY,0120-2986968,"CGHS Building, Kamla Nehru Nagar"
18,D69,Allopathy,5,28.55448463131682,"77.17893831349345                                 ",NA,DELHI/HQ/DIRECTORATE/MINISTRY,26173911,"Qr. No. 733, 735, 737 and 739, Sector III, R.K. Puram"
18,D79,Allopathy,4,28.663900847062393,"77.31815398280924                                 ",NA,DELHI/HQ/DIRECTORATE/MINISTRY,011-21210150,"C-Block, Yojna Vihar, Near Mother Dairy"
18,D80,Allopathy,5,28.669229832413397,"77.10229025808977                                 ",NA,DELHI/HQ/DIRECTORATE/MINISTRY,25268410,"A3 Block , Flat No. A1,A2,A8 ,Pocket 3, Green Apartment , Paschim Vihar"
18,D85,Allopathy,6,28.603680420071072,"77.33577272483042                                 ",NA,DELHI/HQ/DIRECTORATE/MINISTRY,0120-2970157,"R 51, Near Modern School, Sector-11, Noida"
18,D88,Allopathy,4,28.708148515719564,"77.15395377819696                                 ",NA,DELHI/HQ/DIRECTORATE/MINISTRY,27486048,"BP Block, Shalimar Bagh ,(Near Maharishi Ayurvedic Hospital)"
18,D90,Allopathy,5,28.541395659878788,"77.29882530684196                                 ",NA,DELHI/HQ/DIRECTORATE/MINISTRY,26940651,"Plot No 11, Sarita Vihar, Institutional Area, Near Telephone Exchange"
18,D92,Allopathy,7,28.427266032451367,"77.11023171164474                                 ",NA,DELHI/HQ/DIRECTORATE/MINISTRY,0124-2578235,"Opposite HUDA Market, Sector-55"
18,FAPNB,Allopathy,3,28.611022503256315,"77.21539720369734                                 ",NA,DELHI/HQ/DIRECTORATE/MINISTRY,23063848,"First Aid Post"
18,FAPSB,Allopathy,2,28.6169053283909,"77.21501171164475                                 ",NA,DELHI/HQ/DIRECTORATE/MINISTRY,"23382389  ,20842191","First Aid Post"
18,HO42,Homeopathy,2,28.539742514781178,"77.25946472883551                                 ",NA,DELHI/HQ/DIRECTORATE/MINISTRY,011-26430851,"CGHS Maternity Centre Building & Disp., Kalkaji"
18,HO49,Homeopathy,2,28.681534367165607,"77.29917983068418                                 ",NA,DELHI/HQ/DIRECTORATE/MINISTRY,011-22583766,"CGHS Wellness Centre No. 49, Mansarovar Park, Shahdara (Near DDA Flats)"
18,HO57,Homeopathy,2,28.573455476821533,"77.17600519454925                                 ",NA,DELHI/HQ/DIRECTORATE/MINISTRY,011-26172222,"CGHS Wellness Centre Building, Sec.-XII, R.K. Puram, "
18,PHA,Allopathy,35,,"                                                  ",NA,DELHI/HQ/DIRECTORATE/MINISTRY,9312901213,"Parliament House annexe, Sansad marg area, New Delhi"
18,UN28,Unani,0,28.65772616943175,"77.23527372883552                                 ",NA,DELHI/HQ/DIRECTORATE/MINISTRY,011-23866292,"Near Moti Cinema, Chandni Chowk"
18,,Allopathy,1,,,NA,DELHI/HQ/DIRECTORATE/MINISTRY,9312901213,
19,GK1,Allopathy,1,27.345312053672387,"88.60688478650657                                 ",NA,Guwahati,"0359-2284041
","1st Floor, Kludong Khim, H/o Mr T.T. Lachungpa, Opp. DAC(East), Upper Schey, Doctor B.R. Ambedkar Road East Sikkim-737101"
19,GT1,Allopathy,2,26.152029274342976,"91.79152511535887                                 ",NA,Guwahati,"0361-2232743
","Shankardev Nagar,Near Housing Colony,Hengrabari,Guwahati-781006"
19,GT3,Allopathy,2,26.140186910166257,"91.67626900484049                                 ",NA,Guwahati,0361-2670255,"H/o Gokul Ch. Deka,H.No-6, P.N.G.B. Road, In front of Guwahati Nursery, Gotanagar,Guwahati-781033"
19,GT4,Allopathy,2,26.18605524011292,"91.74560723401935                                 ",NA,Guwahati,"0361-2540551
","CGHS WC No.4, In front of Don Bosco School, In front of Don Bosco School, Panbazar, Guwahati-781001"
20,HY13,Allopathy,6,17.402269587535944,"78.55809379630266                                 ",NA,Hyderabad,040-27209223,"User Interaction Window Complex (UIWC) Survey of India Campus, Beside
Union Bank of India, Uppal, Hyderabad 500039"
20,HY2,Allopathy,5,17.382037352817825,"78.43931734232895                                 ",NA,Hyderabad,040-23531833,"Sharadanagar Colony, Gudimal Kapur, Hyderabad-500028"
20,HY3,Allopathy,4,17.424448450598256,"78.4936940846579                                  ",NA,Hyderabad,040-27548898,"Ground Floor, CGO Towers, Kavadiguda, Secunderabad 500080"
20,HY5,Allopathy,5,17.405959107545762,"78.47795610184866                                 ",NA,Hyderabad,040-23220454,"Oilseeds Quarters Type-1, Behind Lady Hydri Club, Himayatnagar,Hyderabad-500029"
20,HY8,Allopathy,8,17.33795701699503,"78.50624701719076                                 ",NA,Hyderabad,040-24340685,"DRDO Complex Kanchanbagh,Hyderabad-500058"
20,HYU1,Unani,1,17.373127471236756,"78.48620381349342                                 ",NA,Hyderabad,040-24525415,"22-1-951 Noor Khan Bazaar"
20,HYV,Allopathy,4,17.7287599573352,"83.33459217116446                                 ",NA,Hyderabad,0891-2556673,"Door No. 8-5-1, Govt.Mental Care Hospital premises Chinawaltair,"
20,NEL1,Allopathy,2,14.44211349948203,"79.96951371164474                                 ",NA,Hyderabad,0861-2326685,"CGHS WELLNESS CENTER, E1Ground floor type V BSNL staff quarters"
22,JA9,Homeopathy,2,26.876166184507653,"75.8045898306842                                  ",NA,Jaipur,0141-2710021,"A.G.Colony, Bajaj Nagar, Jaipur"
23,GWL1,Allopathy,3,26.21686731559606,"78.19988354232895                                 ",NA,Kanpur,0751-2920981,"Gate no.2 AGMP colony, Shastri Nagar, Thatipur, Gwalior, M.P., PIN -474011"
23,KN4,Allopathy,2,26.45493010480059,"80.35683595582239                                 ",NA,Kanpur,0512-2322924,"E-15, Khapra Mohal, Kanpur"
23,KN7,Allopathy,4,26.479911390024306,"80.29876476859141                                 ",NA,Kanpur,0512-2220455,"TYPE-1-8 Quarters RLI Campus Sarvoday Nagar, Kanpur 208005"
23,KN8,Allopathy,2,26.501185034062175,"80.30644472883552                                 ",NA,Kanpur,0512-2983898,"2A/186, Azadnagar, Kanpur"
23,KN9,Allopathy,3,26.444070535039874,"80.28728616931578                                 ",NA,Kanpur,0512-2283399,"Plot No.8-11,  CGHS Ratan Lal Nagar, Kanpur"
23,KNA1,Ayurveda,2,26.444070535039874,"80.28728616931578                                 ",NA,Kanpur,0512-228399,"Plot No.8-11,  CGHS Ratan Lal Nagar, Kanpur"
24,JLP1,Allopathy,2,26.52126029584588,"88.72784211349342                                 ",NA,Kolkata,03561-291055,"CGHS Wellness Center Jalpaiguri, Head Post Office Compound, Jalpaiguri, West Bengal - 7351010"
24,KO17,Allopathy,3,22.482699530844943,"88.32567639999999                                 ",NA,Kolkata,24311328,"598 Diamond Harbour Road"
24,KO2,Allopathy,3,22.514474100454187,"88.35807744048029                                 ",NA,Kolkata,033-24661733,"Lake Govt. Qrts. Fl No.55 and 56 Southern Ave., Kolkata -7000029
 (Near Kamala Girl's School/ Vivekananda Park)"
24,KO23,Homeopathy,3,22.522472324644475,"88.34767928650656                                 ",NA,Kolkata,033-24940109,"1-A , Satish Mukherjee Road"
24,KO24,Allopathy,2,22.7999439515291,"88.37151913497196                                 ",NA,Kolkata,"033-25616464
9674003887 (M)","Qtr No. 175,176,177,178 OWL Estate,Ishapore, Metal and Steel Factory, Ministry of Defence, North 24 Paraganas,West Bengal - 743144"
24,KO5,Allopathy,4,22.597410233324645,"88.36655312573475                                 ",NA,Kolkata,9433237656,"BSNL Building, Ground Floor, Bagbazar Telephone Exchange Building, 4,
Old Mayors Court Road, Bag Bazar, Kolkata - 700005"
24,KO6,Allopathy,5,22.5177392494743,"88.39912009815133                                 ",NA,Kolkata,033-24415588,"QUARTER NO. D-285, D-286, D-293, CENTRAL EXCISE & CUSTOMS GOVT. QUARTERS
179, SHANTIPALLY, E.M. BYPASS, RAJDANGA MAIN ROAD, KOLKATA-700107"
25,LK13,Allopathy,6,26.840275954674993,"80.93987740000001                                 ",NA,Lucknow,0522-2789991,"19-B, Sheela Complex Vidhan Sabha Marg, Lucknow"
25,LK14,Homeopathy,2,26.863310206812123,"80.99547027116448                                 ",NA,Lucknow,"0522 4232730","B114-115, Vibhuti Khand, Gomti Nagar, Lucknow"
26,AGH1,Allopathy,2,27.900167576773562,"78.0727757153421                                  ",NA,Meerut,0571-2400377,"CGHS Wellness Center, Head Post Office, near Tasveer Mahal, Aligarh -202001"
27,GOH1,Homeopathy,1,15.455184986214277,"73.84528574787497                                 ",NA,Mumbai,8322458566,"D II (A,B & C) HPT, Air Staff Quarters Complex, Bambolim, Goa -403206"
27,MNK1,Allopathy,4,19.97533726119299,"73.81516139569248                                 ",NA,Mumbai,0253-2992850,"Government of India Press Colony, Gandhinagar, Nashik - 422006"
27,MU20,Allopathy,4,19.215876654169747,"72.82322251824013                                 ",NA,Mumbai,022-28677353,"D-1/2, Lekha Vihar, Sec-5, Charkop, Kandivli(West), Mumbai-40067"
27,MU21,Allopathy,1,19.101282384631258,"72.86228798721903                                 ",NA,Mumbai,022-28210959,"P & T Colony, Sahar Mumbai- 400029"
27,MU6,Allopathy,7,19.09061606142179,"72.90999591349342                                 ",NA,Mumbai,022-25149229,"Flat No.25, Central Govt. Quarters, Ghatkopar, Mumbai -400086"
27,MUA1,Ayurveda,1,19.103847378914,"72.85739965314477                                 ",NA,Mumbai,022-28210971,"Near Airport Colony, Bamanawada, Santacruz (W), Mumbai - 400029"
28,NP1,Allopathy,5,21.170121495229427,"79.06657086914413                                 ",NA,Nagpur,0712-2971828,"CPWD Colony, Katol Road, Nagpur- 440013"
28,NP4,Allopathy,2,21.15118859577402,"79.11854546821036                                 ",NA,Nagpur,"0712- 2956036","Patel Building, Opp Prakash High School, Queta Colony Bus Stop, Lakadganj, Nagpur- 440008"
28,NP6,Allopathy,4,21.134716174246325,"79.0566982846579                                  ",NA,Nagpur,0712-2249781,"Himalaya Meridian Aptt, Opp LAD College, Shivaji Nagar, Nagpur- 440010"
28,NP9,Allopathy,3,21.13149174779268,"79.11599164218963                                 ",NA,Nagpur,"0712- 2956314","Plot No. 470, Chaudhary Bhawan, Near Tiranga Chowk, Sakkardara, Nagpur- 440024"
28,NPPO,Allopathy,7,21.170121495229427,"79.06657086914413                                 ",NA,Nagpur,0712-2580963,"CPWD Colony, Katol Road, Nagpur- 440013"
28,RPH1,Homeopathy,1,21.260546,"81.655756                                         ",NA,Nagpur,07712582844," In front of District hospital, Hanuman mandir Chowk,
"
29,GAY1,Allopathy,1,24.785970539840637,"84.98805302883552                                 ",NA,Patna,0631-2222257,"CGHS W.C., SSPO Office, Near V.C. Residance AP Coloney, Gaya- 823001"
30,PU06,Allopathy,4,18.55995650236502,"73.83773862698685                                 ",NA,Pune,020-25819776,"Bldg No.296, Range Hills Estate, Range Hills, Pune-411 020."
30,PU10,Allopathy,4,18.494899830075553,"73.86001548650657                                 ",NA,Pune,020-24266402,"Ground Floor, Swasthya Sadan, Mukundnagar, Pune-411 037."
32,AG1,Allopathy,2,23.828372350263578,"91.29223200369734                                 ",NA,Shillong,0381-2510222,"C/o (Prof.) Arunoday Saha, Lake View Road, Shiv Nagar, College Road, Agartala, Tripura West-793004."
32,AG2,Homeopathy,1,23.828372350263578,"91.29223200369734                                 ",NA,Shillong,,"C/o (Prof.) Arunoday Saha, Lake View Road, Shiv Nagar, College Road, Agartala, Tripura West-793004."
32,IM1,Allopathy,2,24.79809777451551,"93.95165960947804                                 ",NA,Shillong,0385-2442104,"CMO In-chare, CGHS WC, Imphal,Gr. Floor Building of Manipur Voluntery Health Association ((MVHA) Wangkheri Ningthem Pukhri, Mapan, Imphal East Manipur - 795001"
32,IM2,Homeopathy,1,24.79809777451551,"93.95165960947804                                 ",NA,Shillong,0385-2442104,"CMO In-chare, CGHS WC, Imphal,Gr. Floor Building of Manipur Voluntery Health Association ((MVHA) Wangkheri Ningthem Pukhri, Mapan, Imphal East Manipur - 795001"
33,TR2,Allopathy,2,8.513531717649377,"76.97451377301314                                 ",NA,Trivandrum,0471-2728110,"O/o CMO I/C, TC 9/1580,  ""Mangalya"" Hospital Road, Sasthamangalam Trivandrum-695010"
33,TR3,Allopathy,5,8.498841081885265,"76.94734916931579                                 ",NA,Trivandrum,0471-2471143,"O/o CMO I/C,  P S Towers, Tutors Lane, Statue, GPO, Trivandrum 695001"
10,AH06,Allopathy,0,23.03560077037483,"72.56946001719075                                 ",NA,Ahmedabad,079-26577393,"3rd  Floor, S.R.House, Opp. Mount Carmel School, Ashram Road, Ahmedabad- 380009"
10,VDA,Allopathy,2,22.302678,"73.224506
                                        ",NA,Ahmedabad,0265-2415555,"Panigate Telephone exchange Compound, Ground floor, Nr. Water Tank, Ajwa Road, Panigate, Vadodara-390019"
11,AL03,Allopathy,0,25.431173629394856,"81.83338281349346                                 ",NA,Prayagraj,0532-2242530,"1130/1130A Kalyani Devi, Allahabad"
11,AL05,Allopathy,1,25.45764183727927,"81.77749591534209                                 ",NA,Prayagraj,0532-2232562,"9,10,11 &14 Type II, Kendranchal Colony, Preetam Nagar, Allahabad"
11,AL07,Allopathy,1,25.399669064856813,"81.86945472883552                                 ",NA,Prayagraj,0532-2697132,"236/101-C /1 Chok Daud Nagar Near Swadeshi Cotton Mills, Naini, Allahabad"
11,ALA1,Ayurveda,0,25.44972409679349,"81.83109789815131                                 ",NA,Prayagraj,0532-2561310,"2nd Floor, Sangam Place, Civil Lines, Prayagraj-211001"
11,VN01,Allopathy,0,25.385353661462624,"82.97601407301315                                 ",NA,Prayagraj,0542-2290158,"Type-III, Qrtr. Nos. 98,99,100, Kendranchal Colony, Bada Lal Pur, Varansi-221003"
12,BA01,Allopathy,9,12.981869832339932,"77.60421130684196                                 ",NA,Bengaluru,080-25588777,"2nd Floor, Ganesh Towers, Infantry Road, Bangalore 560001"
12,BA02,Allopathy,4,12.993198788838086,"77.57306703178962                                 ",NA,Bengaluru,"080 23311492","No.6, Sameera Complex, 1St Main, Seshadripuram, Bangalore 560020"
12,BA03,Allopathy,4,12.935266425671946,"77.54742194492087                                 ",NA,Bengaluru,"080 26793000","NO-4013/4014, Hosakerehalli Main Road, Girinagar, Banashankari 3rd Stage (Near Seetha circle), Bangalore-560085"
12,BA04,Allopathy,3,13.026055474232805,"77.62687937671049                                 ",NA,Bengaluru,"080 25430759","No. 669, HBR Main Road 1st stage, 2nd Block, HBR Layout, Bangalore 560023"
12,BA07,Allopathy,3,12.929660727453095,"77.624501                                         ",NA,Bengaluru,"080 25539277","CPWD Complex, GPRA quarters, Koramangala, Bangalore 560034"
12,BA09,Allopathy,4,13.022811151459846,"77.58632361045596                                 ",NA,Bengaluru,"080 23330320","No.11, 1st Cross, HGH Layout, Ganganagar, Bangalore-560032"
12,BA10,Allopathy,4,12.990489019954882,"77.66185566136839                                 ",NA,Bengaluru,"080 25243236","DRDO Complex, C.V. Raman Nagar, Bangalore-560093"
12,BA15,Unani,1,12.980728303527238,"77.60327931349342                                 ",NA,Bengaluru,"080 25588777","2nd Floor, Ganesh Towers, Infantry Road, Bangalore 560001"
15,AMB1,Allopathy,4,30.332268833855213,"76.83290045767103                                 ",NA,Chandigarh,"0171-2610711, 9412650790","CGHS Wellness Center P & T Colony, Near Railway Hospital Ambala-133001"
15,JT02,Allopathy,2,32.69721434742611,"74.87845228835523                                 ",NA,Chandigarh,0191-2950695,"CGHS WC-II, Building adjacent to House no.44/45-P, Sector-4, Trikuta Nagar, Jammu (J & K)-180020"
16,CH05,Allopathy,3,13.01055091556932,"80.22192017486181                                 ",NA,Chennai,044-23458405,"Block No 6/1-5 Bcg Staff Quarters Guindy "
16,CH13,Allopathy,2,13.069835249192412,"80.28664577783478                                 ",NA,Chennai,044-23458413,"CPT QUATERS NAPIER BRIDGE A1 BLOCK TRIPLICANE CHENNAI"
16,CH15,Ayurveda,1,13.01055091556932,"80.22192017486181                                 ",NA,Chennai,044-23458405,"Block No 6/1-5 Bcg Staff Quarters Guindy"
16,CH18,Siddha,1,13.089141576818465,"80.20448887486181                                 ",NA,Chennai,044-23458402,"Central Revenue Qtr No 15 Ranganathan Garden Anna Nagar"
16,CH19,Homeopathy,1,13.036909239956675,"80.2079093153421                                  ",NA,Chennai,044-23458406,"CPWD Quarters Kk Nagar Chennai 600078"
16,CH20,Siddha,2,13.036909239956675,"80.2079093153421                                  ",NA,Chennai,044-23458406,"CPWD Quarters Kk Nagar Chennai 600078"
16,PD1,Allopathy,2,11.939658389546032,"79.79626220184866                                 ",NA,Chennai,0413-2277581,"IGMC&RI KADIRKAMAM PUDUCHERRY 605009"
17,DD2,Allopathy,2,30.328799185342707,"78.03990718650657                                 ",NA,Dehradun,0135-2659773,"P & T Colony, Chukhuwala, Chakrata Road, Dehradun "
17,DD4,Homeopathy,1,30.325401325476115,"78.05253298280923                                 ",NA,Dehradun,0135-2652605,"1-Raipur Road, Survey Chowk, Dehradun, Uttarakhand"
17,DD5,Ayurveda,1,30.328799185342707,"78.03990718650657                                 ",NA,Dehradun,0135-2659773,"P & T Colony, Chukhuwala, Chakrata Road, Dehradun "
18,APHA,Ayurveda,0,0,"0                                                 ",NA,DELHI/HQ/DIRECTORATE/MINISTRY,9312901213,"Parliament House annexe, Sansad marg area, New Delhi"
18,AY80,Ayurveda,2,28.64563874612111,"77.11230517819699                                 ",NA,DELHI/HQ/DIRECTORATE/MINISTRY,25268410,"A3 Block , Flat No. A1,A2,A8 ,Pocket 3, Green Apartment , Paschim Vihar"
18,CDAC,Allopathy,1,0,"0                                                 ",NA,DELHI/HQ/DIRECTORATE/MINISTRY,0172-2226343,Delhi
18,D1,Allopathy,6,28.634276725051805,"77.2029951693158                                  ",NA,DELHI/HQ/DIRECTORATE/MINISTRY,"23743810  21400889","CGHS Building, DIZ Area-II, Gole Market"
18,D10,Allopathy,7,28.582716621711807,"77.22516991349342                                 ",NA,DELHI/HQ/DIRECTORATE/MINISTRY,24611442,"Block 4-1, 3, 5, 7, Lodhi Road"
18,D103,Allopathy,3,29.007382680989462,"77.04064242820535                                 ",NA,DELHI/HQ/DIRECTORATE/MINISTRY,0130-4006423,"H.No-58, Sector-15, Part IV"
18,D105,Allopathy,4,28.837809282592666,"77.10587199169039                                 ",NA,DELHI/HQ/DIRECTORATE/MINISTRY,011-20872651,"Pocket -3, Sector B-4, Police Colony, Narela"
18,D106,Allopathy,3,28.654884377961647,"77.40947044417763                                 ",NA,DELHI/HQ/DIRECTORATE/MINISTRY,"0120- 4962215","G79, Sector-11, Pratap Vihar"
18,D11,Allopathy,5,28.57253204414367,"77.23874562698686                                 ",NA,DELHI/HQ/DIRECTORATE/MINISTRY,29816439,"CGHS Disp. Building, Lajpat Nagar Market"
18,D13,Allopathy,0,,"                                                  ",NA,DELHI/HQ/DIRECTORATE/MINISTRY,9312901213,
18,D19,Allopathy,5,28.65878376903247,"77.18731973586802                                 ",NA,DELHI/HQ/DIRECTORATE/MINISTRY,28720275,"Block H2 First Floor 121-124 CPWD Multi Storey budling Dev nagar -5 Behind Liberty Cinema"
18,D3,Allopathy,5,28.59287575826281,"77.1206692904698                                  ",NA,DELHI/HQ/DIRECTORATE/MINISTRY,25692914,"Sadar Bazar, Delhi Cantt,Near Geeta Ashram"
18,D39,Allopathy,4,28.565406105407583,"77.23137245767104                                 ",NA,DELHI/HQ/DIRECTORATE/MINISTRY,26257628,"D-2, 65 & 67"
18,D42,Allopathy,5,28.539837514640972,"77.25933035582239                                 ",NA,DELHI/HQ/DIRECTORATE/MINISTRY,26430851,"CGHS Maternity Centre Building & Disp."
18,D43,Allopathy,4,28.563017915885222,"77.1791681700612                                  ",NA,DELHI/HQ/DIRECTORATE/MINISTRY,26175132,"Q.No.289, 291, 293, 295, Sector  IV, R.K.Puram."
18,D47,Allopathy,5,28.550685043637202,"77.20179175212505                                 ",NA,DELHI/HQ/DIRECTORATE/MINISTRY,26567844,"CGHS Dispensary Building, Hauz Khas, SDA"
18,D48,Allopathy,6,28.624892906432137,"77.10427166931579                                 ",NA,DELHI/HQ/DIRECTORATE/MINISTRY,28125518,"CGHS Hari Nagar, Near DTC Depot, Hari Nagar"
18,D50,Allopathy,4,28.565371491201017,"77.17367051719076                                 ",NA,DELHI/HQ/DIRECTORATE/MINISTRY,26175490,"CGHS Disp. Building, R.K. Puram, Sector  VI"
18,D50A,Allopathy,4,28.556346642947457,"77.16208953401934                                 ",NA,DELHI/HQ/DIRECTORATE/MINISTRY,26141978,"CBI Colony, Vasant Vihar, Flat No. 59 B & 59 C"
18,D54,Allopathy,6,28.690905591777657,"77.11542952370824                                 ",NA,DELHI/HQ/DIRECTORATE/MINISTRY,27021102,"Suvidha Kunj near KIIT WORLDS School, Pitampura Delhi"
18,D67,Allopathy,10,28.630810878253378,"77.27749218650656                                 ",NA,DELHI/HQ/DIRECTORATE/MINISTRY,011-21210276,"CGHS Building, H-Block, ,Laxmi Nagar,  Vikas Marg"
18,D74,Allopathy,4,28.61996740049114,"77.08881545622226                                 ",NA,DELHI/HQ/DIRECTORATE/MINISTRY,25619345,"C-4A, Janak Puri, Near Janakpuri Superspeciality Hospital"
18,D75,Allopathy,3,28.53133367898869,"77.25181664417761                                 ",NA,DELHI/HQ/DIRECTORATE/MINISTRY,26028746,"CGHS Wellness Centre, Community Centre, Plot No : 5 & 6, Alaknanda (Near Muthoot Finance Building)"
18,D81,Allopathy,4,28.692562015854172,"77.11517203165565                                 ",NA,DELHI/HQ/DIRECTORATE/MINISTRY,27011222,"House No. 1 CGHS Building Parwana Road , Saraswati Vihar, Pitampura (Near Ashutosh Maharaj Ashram)"
18,D84,Allopathy,6,28.701620107085503,"77.26739727116448                                 ",NA,DELHI/HQ/DIRECTORATE/MINISTRY,"011-22565516     011-21230042","CGHS Wellness Centre,  B2 Block, Yamuna Vihar"
18,FAPCS,Allopathy,3,17.44548094271661,"78.47219018650657                                 ",NA,DELHI/HQ/DIRECTORATE/MINISTRY,"23092868 ,23092194","First Aid Post"
18,FAPMB,Allopathy,0,28.57843,"77.17728                                          ",NA,DELHI/HQ/DIRECTORATE/MINISTRY,,"CGHS First Aid Post "
18,FAPVBP,Allopathy,2,28.621025991191352,"77.2132438134934                                  ",NA,DELHI/HQ/DIRECTORATE/MINISTRY,23736264,"Vithal Bhai Patel House"
18,HO104,Homeopathy,2,28.414318090328734,"77.32235574417763                                 ",NA,DELHI/HQ/DIRECTORATE/MINISTRY,9312901213,"Zila Sainik Board, Old Army Canteen"
18,HO19,Homeopathy,2,28.659597602007537,"77.18782942607193                                 ",NA,DELHI/HQ/DIRECTORATE/MINISTRY,"011-28724555 ","Block M2-122,121 & M1-114,First floor, CPWD Residential complex, Multistorey Quarters, Dev Nagar"
18,HO24,Homeopathy,2,28.57782944116074,"77.2246275306842                                  ",NA,DELHI/HQ/DIRECTORATE/MINISTRY,"011 - 24693551","CGHS Polyclinic, Kasturba Nagar"
18,HO26,Homeopathy,2,28.639527941606815,"77.09827469409178                                 ",NA,DELHI/HQ/DIRECTORATE/MINISTRY,25998900,"Tilak Nagar Near Subzi Mandi"
18,HO32,Homeopathy,2,28.610139368862836,"77.19891864417762                                 ",NA,DELHI/HQ/DIRECTORATE/MINISTRY,23017698,"123 South Avenue"
18,HO48,Homeopathy,2,28.624892906432137,"77.10427166931579                                 ",NA,DELHI/HQ/DIRECTORATE/MINISTRY,28125518,"First Floor, Hari Nagar Allopathic WC , Near Hari Nagar DTC Depot, Hari Nagar"
18,HO76,Homeopathy,3,28.630739048237203,"77.19993098280924                                 ",NA,DELHI/HQ/DIRECTORATE/MINISTRY,23364574,"CGHS building, Kalibari Marg"
18,MGH,Allopathy,0,28.565583040097728,"77.17680222337441                                 ",NA,DELHI/HQ/DIRECTORATE/MINISTRY,0,"CGHS Building, Sector-5"
18,UN8,Unani,1,,"                                                  ",NA,DELHI/HQ/DIRECTORATE/MINISTRY,011-23866292,
18,,Homeopathy,0,,,NA,DELHI/HQ/DIRECTORATE/MINISTRY,9312901213,
19,AZ2H,Homeopathy,1,23.72126669497961,"92.71342576631407                                 ",NA,Guwahati,"0389 - 2334764
","Qtr. No. AIS(1)/C-SD/5 (Double Suit) , AIS Transit Residential Complex, New Secretariat Building, Khatla, Aizawl-796001
"
19,GTIT01,Allopathy,0,27.092376558735292,"93.63107705767104                                 ",NA,Guwahati,,"CGHS Wellness Centre, Doordarshan Maintenance Centre Building, Itafort South Gate, Itanagar-791111"
19,GTITH1,Homeopathy,1,27.092376558735292,"93.63107705767104                                 ",NA,Guwahati,,"CGHS Wellness Centre, Doordarshan Maintenance Centre Building, Itafort South Gate, Itanagar-791111"
19,KH1,Allopathy,1,25.666506771996172,"94.0920648377167                                  ",NA,Guwahati,0370-2242041,"H.N. MRH/D-67, Merhuliesta, Opp. Paramedical Training Institute, Nagaland, Kohima-797001"
20,HY12,Allopathy,5,17.363909117808866,"78.58507218650655                                 ",NA,Hyderabad,040-29885333,"Type IV D 17 to D 20 GPRA GSUI Campus Bandlaguda Hyderabad 500068"
20,HY7,Allopathy,4,17.37152247253791,"78.50104162698685                                 ",NA,Hyderabad,040-24529090,"H.No.16-3-994/1/A/1, Opp.Officers Mess, New Malakpet, Hyderabad- 500036"
20,HYA1,Ayurveda,2,17.44548094271661,"78.47219018650657                                 ",NA,Hyderabad,040-27904259,"Kendriya Swasthya Bhavan"
20,VHO1,Homeopathy,1,17.7287599573352,"83.33459217116446                                 ",NA,Hyderabad,0891-2556673,"Door No. 8-5-1, Govt.Mental Care Hospital premises Chinawaltair"
21,JB5,Allopathy,2,23.204361049227085,"80.01068618280922                                 ",NA,Jabalpur,0761-2430018,"Quarter No.MT/2, Type-V, Westland  Ordanace  Factory Khamariya ,
Jabalpur-482005, Madhya Pradesh"
22,JA2,Allopathy,2,26.910442393322835,"75.84168254232894                                 ",NA,Jaipur,0141-2610412,"B-121, Janta Colony, Jaipur"
22,JA7,Allopathy,4,26.966468152218553,"75.78496916931581                                 ",NA,Jaipur,0141-2335850,"Custom & Central Excise Colony, Vidhyadhar Nagar, Jaipur"
24,KO10,Allopathy,5,22.566407060805602,"88.34979045582237                                 ",NA,Kolkata,033-22622030,"6, Esplanade East ,Kolkata 700069"
24,KO12,Allopathy,3,22.601114930792633,"88.41916114232895                                 ",NA,Kolkata,23374635,"Bidhan Nagar AF Block Sec.- I, Flat No. 209 & 210."
24,KO13,Allopathy,6,22.639511195858255,"88.43099928465789                                 ",NA,Kolkata,25119442,"New Quarters,Dum Dum, Kolkata  700052. (Nr. Airport Gate no-1)"
24,KO15,Allopathy,3,22.489545607155954,"88.35322854575936                                 ",NA,Kolkata,24116059,"Tollygunge C.G. Qrts, Ground Floor, Kolkata -700040"
24,KO16,Allopathy,2,22.592224015363122,"88.40533749552627                                 ",NA,Kolkata,23344849,"Qtrs No. 81 & 82, Type C, Kolkata 700064"
24,KO7,Allopathy,3,22.522472324644475,"88.34767928650656                                 ",NA,Kolkata,033-24940109,"1-A , Satish Mukherjee Road, Kolkata, 700026"
25,GKP1,Allopathy,2,26.748904920478434,"83.36611835582238                                 ",NA,Lucknow,0551-2202345,"CGHS Wellness Center Gorakhpur, Old HPO Building, Maya Bazar near
Mahila Chikitsalya Gorakhpur - 273001"
25,LK4,Allopathy,4,26.843668377212243,"80.88516899999999                                 ",NA,Lucknow,0522-2419756,"C- 3335, Meena Bakery Road Rajajipuram, Lucknow 226017"
25,LK6,Allopathy,3,26.9046758377226,"80.9443890846579                                  ",NA,Lucknow,0522-2745246,"HSI/10 Sector A, Sitapur Rd, Aliganj Lucknow "
25,LK7,Allopathy,3,26.873686278231975,"80.95952834048028                                 ",NA,Lucknow,0522-2321433,"1st Flr,P Office Campus, Mahanagar Gol Market, Lucknow 226020"
26,MBD1,Allopathy,2,28.842154678471452,"78.77056189815131                                 ",NA,Meerut,0591-2412020,"CGHS Wellness Center, Head Post Office, near Moradabad Jail, Moradabad - 244001"
26,MR1,Allopathy,4,28.997485601916953,"77.7023790846579                                  ",NA,Meerut,0121-2661739,"171/V, Abu Lane, Meerut Cantt."
26,MR4,Allopathy,4,29.029930452156997,"77.68401718650657                                 ",NA,Meerut,0121-2556394,"Shradhapuri, Kanker Khera, Meerut Cantt."
26,MRA1,Ayurveda,2,28.997485601916953,"77.7023790846579                                  ",NA,Meerut,0121-2661739,"171/V, Abu Lane, Meerut Cantt."
27,MU11,Allopathy,1,18.976295605516555,"72.83562279082459                                 ",NA,Mumbai,022-023722150,"Khan Mansion, Flat No.1, 15 Victoria Road, Byculla, Mumbai -400027"
27,MU2,Allopathy,1,18.973218574776592,"72.81009617888222                                 ",NA,Mumbai,022-23516680,"Income Tax Flats, No. D-1  Pedder Road, Mumbai - 400 026"
27,MU22H,Homeopathy,0,19.02818818429636,"72.86791761607789                                 ",NA,Mumbai,,"Sheikh Mistry, S.M. Plot,Kolowada"
27,MU24,Allopathy,4,19.13260582930092,"72.92589699483189                                 ",NA,Mumbai,022-25784026,"Naval Armament Depot campus, Kanjumarg, Powai, Mumbai -400078"
27,MU25,Allopathy,2,19.232082351998987,"72.82992293460511                                 ",NA,Mumbai,022-45163787,"F1 upper and lower Metro Staff Quarters for Aakashwani & Doordarshan, Gorai Rd, opp. Gorai Depot, Gorai 1, Borivali, Mumbai,"
27,MU26,Allopathy,1,19.12893610074548,"72.87526586203813                                 ",NA,Mumbai,022-28365751,"Seepz Qtrs Complex, Qtrs. No. C-1, C-2, Andheri (E), Mumbai 400 096."
27,MU3,Allopathy,2,19.003434465833752,"72.81386850492797                                 ",NA,Mumbai,022-24932909,"25-C, Ground Floor CGHS Building"
27,MU4,Allopathy,3,19.222241656447256,"73.10216902883552                                 ",NA,Mumbai,0251-2991945,"Thakurli Wellness Centre (MU4) Shree Nav Varadvinayak CHS ltd, New 90 feet Road,Opp. Omkar International School, Thakurli (East)-421201"
27,MUH2,Homeopathy,1,19.09039534981222,"72.91002342529518                                 ",NA,Mumbai,022-25149229,"Flat No.25, Central Govt. Qrts, Ghatkopar"
27,MUH3,Homeopathy,1,19.028269062588038,"72.86792979530857                                 ",NA,Mumbai,022-24015758,"Shaikh Mistry, S.M. Plot,Kolowada, Mumbai - 400037"
28,NP3,Allopathy,2,21.174404624224966,"79.1006145                                        ",NA,Nagpur,"0712- 2980828","Near Jaswant Takij, Indora Chowk, Nagpur- 440026"
28,NP5,Allopathy,2,21.13313852769837,"79.09622295452643                                 ",NA,Nagpur,"0712- 2744490","Plot No. 79, Ajit Apartment, 1st Floor, Opp. Medical Book Store, Rambagh
Layout, Medical College Square, Nagpur- 440024."
28,NP7,Allopathy,3,21.151577326304132,"79.08036603123692                                 ",NA,Nagpur,"0712- 2565169","Zero Miles, Near RBI Square, Beside Speed Post Office, Nagpur- 440001"
28,NPA5,Ayurveda,2,21.13313852769837,"79.09622295452643                                 ",NA,Nagpur,"0712- 2744490","Plot No. 79, Ajit Apartment, 1st Floor"
28,RP1,Allopathy,2,21.260552661603676,"81.6558033711645                                  ",NA,Nagpur,0771-2582844,"In front of District hospital, Hanuman mandir Chowk, Pandri, Raipur- 492004"
28,RP3,Ayurveda,1,21.260552661603676,"81.6558033711645                                  ",NA,Nagpur,"0771- 2582844","In front of District hospital, Hanuman mandir Chowk,"
29,CPR1,Allopathy,1,25.779624112376442,"84.74538554232895                                 ",NA,Patna,06152-232149,"CGHS W.C., Head Post Office Campus, Sahebganj, Chhapra-841301"
29,PA5,Allopathy,2,25.610059308361585,"85.20623484232894                                 ",NA,Patna,0612-2638950,"Suryanchal, Bhadraghat, SDO Lane, Gulzarbagh, Patna City, Patna"
30,PU02,Allopathy,3,18.555923704962137,"73.87566527116448                                 ",NA,Pune,020-26685949,"GSI Colony, Phulenagar,Pune-411 006."
30,PU03,Allopathy,3,18.505207917388493,"73.874537                                         ",NA,Pune,020-26455163,"Chitragupta Complex, Hidayatullah Road, Pune-411 042."
30,PUH03,Homeopathy,1,,,NA,Pune,,"Chitragupta Complex, Hidayatullah Road, Pune-411 042."
33,TR5,Homeopathy,1,8.513531717649377,"76.97451377301314                                 ",NA,Trivandrum,0471-2728110,"O/o CMO I/C, TC 9/1580"
10,AH03,Allopathy,4,23.042025,"72.568364                                         ",NA,Ahmedabad,079-26430021,"Govt Qtrs-B1 &B6, Income tax colony, opp.High court, Ashram road, Ahmedabad-380009"
10,AH05,Allopathy,3,23.076502,"72.651866
                                        ",NA,Ahmedabad,079-22680847,"1st Floor, Medicon Arcade, Near Galaxy Cinema, in front ot IBP Petrol Pump, Naroda - Himmatnagar Highway, Naroda, Ahmedabad - 382330"
10,AH10,Allopathy,1,23.022499,"72.474210
                                        ",NA,Ahmedabad,02717-243144,"AG Govt. Quarters,Block No A(1), QuarterSN 1  B/H Sun City, S P ring road, Bopal,Ahmedabad- 380058     "
10,AHA8,Ayurveda,0,23.225038,"72.495602
                                        ",NA,Ahmedabad,079-25506622,"GPO Compound,  Laldarwaja, Mirzapur,Ahmedabad  -380001                  "
11,AL01,Allopathy,1,25.455307153078,"81.86300437301315                                 ",NA,Prayagraj,0532-2468188,"41, Jawahar Lal Nehru Road, Allahabad"
11,AL02,Allopathy,1,25.46676645240119,"81.82670927116449                                 ",NA,Prayagraj,0532-2624435,"4/6, Drummond, Allahabad"
14,BE1,Allopathy,1,19.30823394339995,"84.81781460979607                                 ",NA,Bhubaneswar,"(0680-2291930)
","O/o The CMO I/c, CGHS, Po-Engineering School, P & T Colony,Berhampur, Pin-760010 (Odisha)"
14,BH2,Allopathy,3,20.273922058556224,"85.83621098280922                                 ",NA,Bhubaneswar,"0674-2393545
0674-2393645
","O/o The CMO I/C WC-2, Back side of RBI, unit-3, Kharvel Nagar, Bhubaneswar, Pin-751001"
14,BHA1,Ayurveda,1,20.283575175288217,"85.83014606746711                                 ",NA,Bhubaneswar,8290031344,"Unit IV, Old AG Colony, Bhubaneswar- 751001, Odisha"
14,BHH1,Homeopathy,1,20.283575175288217,"85.83014606746711                                 ",NA,Bhubaneswar,9836939173,"Unit IV, Old AG Colony, Bhubaneswar- 751001, Odisha"
15,AMT1,Allopathy,3,31.63634698785458,"74.86675501719077                                 ",NA,Chandigarh,"0183-2566160,
7009680346","CGHS Wellness Center-1, ALO Building, Albert Road,(Near BSNL Building)Amritsar, Punjab - 143001"
15,CPK1,Allopathy,2,30.69436857964779,"76.83789528835526                                 ",NA,Chandigarh,"0172-2990711
9417149057","CGHS WC-1, BSNL telephone Exchange Building, Sec- 16, Panchkula- 134109"
15,HOPK1,Homeopathy,1,30.69436857964779,"76.83789528835526                                 ",NA,Chandigarh,,"CGHS Homeopathic Wellness Centre-1 (Chandigarh)"
15,JT01,Allopathy,2,32.723056704975136,"74.85789076047232                                 ",NA,Chandigarh,"0191 - 3521496
9796727717","Exhibition Ground, Dogra Chowk, Jammu ( J & K)-180003"
16,CH04,Allopathy,2,13.051293249106081,"80.26475556122601                                 ",NA,Chennai,044-23458404,"No 1, 1st Street, Gopalapuram, Chennai"
16,CH07,Allopathy,5,12.981014611204376,"80.17638062698686                                 ",NA,Chennai,044-23458407,"DGQA Complex Meenambakkam Chennai "
16,CH08,Allopathy,1,13.014826744581022,"80.19506954232894                                 ",NA,Chennai,044-23458408,"No 16-19 Cda Res Complex Nandambakkam"
16,CH14,Allopathy,2,13.079211087104833,"80.24074159815133                                 ",NA,Chennai,044-23458414,"NO 10 Vasu Street , Backside of  EGA Theatre .Kilpauk Chennai 600010"
16,CH17,Homeopathy,1,13.089141576818465,"80.20448887486181                                 ",NA,Chennai,044-23458402,"Central Revenue Qtr No 15 Ranganathan Garden Anna Nagar"
17,DD1,Allopathy,4,30.31124335023464,"78.01212345767105                                 ",NA,Dehradun,0135-2521235,"20-Navyug Enclave, Indrapuram, Phase-III, Milan Vihar GMS Road, Dehradun "
18,AY3,Ayurveda,2,28.59287575826281,"77.1206692904698                                  ",NA,DELHI/HQ/DIRECTORATE/MINISTRY,25692914,"Sadar Bazar, Delhi Cantt,Near Geeta Ashram"
18,AY61,Ayurveda,2,28.61996740049114,"77.08881545622226                                 ",NA,DELHI/HQ/DIRECTORATE/MINISTRY,25534868,"C-4A, Janak Puri, New Delhi-58,Besides Janakpuri Superspeciality Hospital"
18,AY65,Ayurveda,2,28.52322178591783,"77.21947297301314                                 ",NA,DELHI/HQ/DIRECTORATE/MINISTRY,011-29564988,"CGHS Wellness Centre Building, Sector  1, M.B. Road"
18,AY67,Ayurveda,2,28.63082858204982,"77.27719946746713                                 ",NA,DELHI/HQ/DIRECTORATE/MINISTRY,011-21210276,"2nd Floor, CGHS Building Laxmi Nagar, H-Block,  Vikas Marg (Near Metro Station),Laxmi Nagar"
18,AY68,Ayurveda,1,28.67200327864245,"77.48996745767106                                 ",NA,DELHI/HQ/DIRECTORATE/MINISTRY,0120-2986969,"2nd Floor CGHS Building, Kamla Nehru Nagar"
18,AY9,Ayurveda,8,28.58275082163675,"77.21996991534209                                 ",NA,DELHI/HQ/DIRECTORATE/MINISTRY,9312901213,"Ground Floor,CGHS Ayurveda Hospital"
18,CDAC,Allopathy,1,0,"0                                                 ",NA,DELHI/HQ/DIRECTORATE/MINISTRY,0172-2226343,Delhi
18,D102,Allopathy,5,28.61724723663755,"77.29971789815133                                 ",NA,DELHI/HQ/DIRECTORATE/MINISTRY,"011-21200691
011-21200692","Ground floor Commnity Hall, EDMC Community Center , Pocket-F, Ward No. 219, Mayur Vihar-II"
18,D104,Allopathy,4,28.414318090328734,"77.32235574417763                                 ",NA,DELHI/HQ/DIRECTORATE/MINISTRY,0129-2987500,"Zila Sainik Board "
18,D2,Allopathy,6,28.60456019309859,"77.22802501719077                                 ",NA,DELHI/HQ/DIRECTORATE/MINISTRY,20818352,"D-II/365-367, Pandara Road"
18,D41,Allopathy,5,28.53701704419367,"77.22244811534209                                 ",NA,DELHI/HQ/DIRECTORATE/MINISTRY,26671494,"CGHS Building, Sheikh Sarai, Phase-1,Near Triveni Complex"
18,D49,Allopathy,8,,"                                                  ",NA,DELHI/HQ/DIRECTORATE/MINISTRY,011-22583766,"CGHS Wellness Centre, Mansarovar Park, Shahdara"
18,D59,Allopathy,2,28.670128081545652,"77.21777535582238                                 ",NA,DELHI/HQ/DIRECTORATE/MINISTRY,011-23973646,"5, Rajpur Road, Old Police Line"
18,D61,Allopathy,14,28.61996740049114,"77.08881545622226                                 ",NA,DELHI/HQ/DIRECTORATE/MINISTRY,25551434,"C-4A, Janak Puri, Near Janakpuri Superspeciality Hospital"
18,D63,Allopathy,6,28.555377239190122,"77.2271222                                        ",NA,DELHI/HQ/DIRECTORATE/MINISTRY,26255516,"CGHS Wellness Centre Building, Sadiq Nagar Sec-3 (Near G.K.I)"
18,D73,Allopathy,7,28.482273520669892,"77.02017605582239                                 ",NA,DELHI/HQ/DIRECTORATE/MINISTRY,0124-4064496,"Plot-556,opposite House no-409, near Huda ground , Sector-5"
18,D76,Allopathy,5,28.63063013347617,"77.20003345767105                                 ",NA,DELHI/HQ/DIRECTORATE/MINISTRY,"23743142, 21400774","CGHS Building, Udyan Marg, Kali Bari Marg , DIZ Area"
18,D77,Allopathy,6,28.60546935248894,"77.29438916931582                                 ",NA,DELHI/HQ/DIRECTORATE/MINISTRY,011-21200721,"CGHS WC, PratapNagar, Behind Jeewan Anmol Hospital, Mayur Vihar-Phase 1"
18,D89,Allopathy,3,28.734391935881117,"77.12514758540114                                 ",NA,DELHI/HQ/DIRECTORATE/MINISTRY,"27894403, 40503215","CGHS WC Rohini-16 Pocket A-5 Near Bansal Bhavan and Kids Fort School Delhi"
18,D91,Allopathy,4,28.529807929443784,"77.15475839630265                                 ",NA,DELHI/HQ/DIRECTORATE/MINISTRY,26123790,"9/11, Opp. Bhatnagar International  School, Vasant Kunj"
18,D93,Allopathy,8,,"0                                                 ",NA,DELHI/HQ/DIRECTORATE/MINISTRY,9312901213,"CGHS Welness Centre, Supreme Court New Delhi 110001"
18,D96,Allopathy,3,28.554815502091024,"77.16297388799303                                 ",NA,DELHI/HQ/DIRECTORATE/MINISTRY,20867589,"New CGHS Building (Near Mother dairy booth)  CPWD Colony, Vasant Vihar"
18,D97,Allopathy,6,28.64925367551541,"77.3409621693158                                  ",NA,DELHI/HQ/DIRECTORATE/MINISTRY,0120-2770973,"Flat No. 01-05, Sharda Tower, Sec-4 Vaishali"
18,D98,Allopathy,3,28.62504214120837,"77.14352482237459                                 ",NA,DELHI/HQ/DIRECTORATE/MINISTRY,25778775,"C-Block, Naraina Vihar, Community Centre, Naraina Vihar"
18,FAPND,Allopathy,2,28.625102311112695,"77.20524954232894                                 ",NA,DELHI/HQ/DIRECTORATE/MINISTRY,01123723133,"First Aid Post Narmada Narmada block"
18,FAPPH,Allopathy,2,28.61713269373036,"77.20                                             ",NA,DELHI/HQ/DIRECTORATE/MINISTRY,23017275,"First Aid Post"
18,HO69,Homeopathy,3,28.55467727377833,"77.17924625397369                                 ",NA,DELHI/HQ/DIRECTORATE/MINISTRY,011-26173911,"CGHS, Qr No. 739 R. K. Puram Sect. 3 "
18,HO7,Homeopathy,2,28.706593190025224,"77.22198318650656                                 ",NA,DELHI/HQ/DIRECTORATE/MINISTRY,011-23813808,"CGHS Hospital/ Wellness Centre Timarpur, Lucknow Road, Opp. Patrachar Building,Timarpur"
18,HO78,Homeopathy,2,28.523972950525724,"77.2273681693158                                  ",NA,DELHI/HQ/DIRECTORATE/MINISTRY,011-29563193,"A-B/ 125,126,127  Sector-IV , Pusp Vihar"
18,HPHA,Homeopathy,1,0,"0                                                 ",NA,DELHI/HQ/DIRECTORATE/MINISTRY,9312901213,"Parliament House annexe, Sansad marg area, New Delhi"
18,SA1,Siddha,0,,,NA,DELHI/HQ/DIRECTORATE/MINISTRY,01120819843,"Quarter No. 7, Block No. 4, Lodhi Colony, New Delhi"
18,SPHA,Siddha,1,,,NA,DELHI/HQ/DIRECTORATE/MINISTRY,9312901213,"Parliament House annexe, Sansad marg area, New Delhi"
18,UPHA,Unani,0,,"                                                  ",NA,DELHI/HQ/DIRECTORATE/MINISTRY,9312901213,"Parliament House annexe, Sansad marg area, New Delhi"
18,VIPSMC,Allopathy,1,28.61725441322836,"77.20311339131318                                 ",NA,DELHI/HQ/DIRECTORATE/MINISTRY,,"Vice President House 6"
18,,Allopathy,1,,,NA,DELHI/HQ/DIRECTORATE/MINISTRY,,"Ex PM (M M Singh) 3, Motilal Nehru Place, Motilal Nehru Marg"
19,AZ1,Allopathy,1,23.72126669497961,"92.71342576631407                                 ",NA,Guwahati,"0389 - 2334764
","Qtr. No. AIS(1)/C-SD/5 (Double Suit) , AIS Transit Residential Complex, New Secretariat Building, Khatla, Aizawl-796001
"
19,GT2,Allopathy,3,26.18253470963701,"91.82637237314296                                 ",NA,Guwahati,9435344862,"H/o Mrs. Jonali Kalita, W/o Dr. Hiren Kalita, 
1 No. Madgharia, Narengi Tiniali, 
Guwahati-781026"
19,GT6,Homeopathy,1,26.152029274342976,"91.79152511535887                                 ",NA,Guwahati,"6291524028, 0361-
2232743","Shankar Dev Nagar, Near Housing Colony, Hengrabari Guwahati 781006"
20,GNT1,Allopathy,2,16.298305216453038,"80.43104237301314                                 ",NA,Hyderabad,0863-2255989,"MO I/C, CGHS W.C., Guntur, Collectorate Sub Post Office, Opp
Collector Office, "
20,HY14,Allopathy,6,17.44548094271661,"78.47219018650657                                 ",NA,Hyderabad,040-29565132,"Kendriya Swasthya Bhavan, Begumpet,  Hyderabad-500016"
20,RHM1,Allopathy,2,16.992150995400376,"81.77775427116447                                 ",NA,Hyderabad,0883-2475090,"CGHS W.C. Rajahmundry, Type II P & T "
20,VIJ1,Allopathy,3,16.511717462512966,"80.6254857153421                                  ",NA,Hyderabad,0866-2571100,"Vijayawada CGHS WC, Arundal Municipal Complex, 1 Floor, Rajagopalachari Street"
21,JB1,Allopathy,5,23.16163819067037,"79.92425031534209                                 ",NA,Jabalpur,0761-2410681,"1544/A, Ground Floor, Napier Town, Home Science College Road,
Jabalpur-482001, Madhya Pradesh"
21,JB4,Allopathy,4,23.16180617761771,"79.95530791164474                                 ",NA,Jabalpur,0761-2629460,"Head Post Office Compound, Jabalpur-482001, Madhya Pradesh"
22,AJM1,Allopathy,3,26.459245322901566,"74.63580245767105                                 ",NA,Jaipur,0145-2432740,"CGHS Wellness Center, Ajmer Head Post Office, Office Campus, P.R. Marg, Ajmer"
22,JA4,Allopathy,7,26.92847239700324,"75.7859578306842                                  ",NA,Jaipur,0141-2207708,"D-143/A-2, Kaushalya Path, Basant Marg, Banipark, Jaipur"
22,JA6,Allopathy,6,26.8461693815812,"75.82226044048028                                 ",NA,Jaipur,0141-2755732,"G.S.I. Colony, Malviya Nagar, Jaipur"
22,JA8,Allopathy,6,26.875361606232794,"75.80706144048028                                 ",NA,Jaipur,0141-2710021,"A.G.Colony, Bajaj Nagar, Jaipur"
22,JDH1,Allopathy,3,26.2776758324888,"73.01647372883554                                 ",NA,Jaipur,0291-2431340,"CGHS Wellness Center, HPO Building, Station Road, Near Railway Reservation Offie, Jodhpur"
23,KN2,Allopathy,2,26.470976674647606,"80.31962772883551                                 ",NA,Kanpur,0512-2542379,"110/58, R.K. Nagar, Kanpur-208012"
23,KN3,Allopathy,3,26.476171099137822,"80.34646445767105                                 ",NA,Kanpur,0512-2989987,"15/45 (A&B) Civil Lines, Kanpur-208001"
23,KN5,Allopathy,5,26.423969498609782,"80.31842844048028                                 ",NA,Kanpur,0512-2985521,"Kendranchal WC, Building Gulmohar Vihar, Juhi, Kanpur"
23,KN6,Allopathy,4,26.421835385364467,"80.36156230794741                                 ",NA,Kanpur,0512-2978033," 430, C Block, Shyam Nagar , Kanpur"
23,KNH2,Homeopathy,1,26.476171099137822,"80.34646445767105                                 ",NA,Kanpur,0512-2989987,"15/45 (A&B) Civil Lines, Kanpur"
24,KO1,Allopathy,3,22.530454244369395,"88.33275501164474                                 ",NA,Kolkata,033-24791153,"Flat no.68., Belvedere Estate, Kolkata-700027, Near Airpore Zoo/Command Hospital)"
24,KO11,Allopathy,3,22.59400149456885,"88.2802012996943                                  ",NA,Kolkata,26571526,"Govt. of India Press Colony,Santragachi, Howrah-711321, (Near Jagacha Police Station)"
24,KO19,Allopathy,0,22.571295587322183,"88.41659895767106                                 ",NA,Kolkata,23352801,"IC Block, CGHS Complex Salt Lake, Kolkata -700106 (Near Tank No.14)
"
24,KO3,Allopathy,4,22.52191970943278,"88.36276587301317                                 ",NA,Kolkata,033-24619292,"GARIAHAT DOVERLANE"
24,KO4,Allopathy,3,22.57853404474875,"88.38382422241018                                 ",NA,Kolkata,033-23203998,"Flat No.27 & 28 Narkeldenga Govt Qrts Kolkata -700054"
24,KO8,Allopathy,2,22.5757650877856,"88.36089404417761                                 ",NA,Kolkata,033-25558034,"AIIH&PH Campus, (CR Avenue), 50 Colootula Street, Kolkata - 700073"
25,AGR1,Allopathy,4,27.16156094111493,"78.01498757116448                                 ",NA,Lucknow,0562-2226223,"CGHS Wellness Center Agra, BSNL Compound, Agra Taarghar, Shahzadi Mundi, Agra - 282001"
25,BRL1,Allopathy,2,28.354050605198033,"79.41048196746713                                 ",NA,Lucknow,0581-2555344,"CGHS Wellness Center Bareilly, Postal Colony Compound, Near BSNL exchange, Chaupala, Bareilly - 243003"
25,LK10,Ayurveda,1,26.840275954674993,"80.93987740000001                                 ",NA,Lucknow,"0522 4047533","B-1, H Road, Mahanagar Extension, Lucknow"
25,LK3,Allopathy,5,26.791070331960718,"80.90429498280922                                 ",NA,Lucknow,0522-2421992,"CPB/G Sector G, Prem Plaza, Kanpur Road, LDA Colony, Lucknow"
25,LK5,Allopathy,4,26.833612479053432,"80.94733839999999                                 ",NA,Lucknow,0522-2238841,"12-B Mall Avenue, Lucknow 226001"
25,LK9,Allopathy,0,26.848331522150797,"80.90125318650655                                 ",NA,Lucknow,0522-2651276,"Kaushalya Niwas, Amethi House, Aishbagh Road P&T, Lucknow"
27,MU1,Allopathy,11,18.93986693115813,"72.82775359662695                                 ",NA,Mumbai,022-22018799,"Old CGO Building"
27,MU28,Allopathy,4,19.084604805769313,"72.83173082535644                                 ",NA,Mumbai,022-26601744,"Telecom Complex, Juhu Tara Road, Santacruz(W),  Mumbai."
27,MU7,Allopathy,4,19.01685011642802,"72.85719611102755                                 ",NA,Mumbai,022-24124515,"C.G.S. Qtrs, Flat 226-227, Type-IV, Wadala, Mumbai - 400 031"
27,MU9,Allopathy,2,19.0500785521983,"72.86827010359873                                 ",NA,Mumbai,022-24081616,"Central Labour Inst. Premises, Trombay Road, (Sion), Mumbai - 400022."
27,MUH1,Homeopathy,1,18.93986693115813,"72.82775359662695                                 ",NA,Mumbai,022-22018799,"Old CGO Building (PratishthaBhawan), Ground Floor, South Wing, 101,
M.K. Road, New Marine Lines, Mumbai 400020"
28,NADT,Allopathy,1,21.176939581456185,"79.083338277549                                   ",NA,Nagpur,0712-2322918,"NADT Campus, Near Pagal Khana Chowk, Nagpur- 440030."
28,NCD1,Allopathy,2,19.962116411135064,"79.30030345767103                                 ",NA,Nagpur,07172-257107,"DTO Building (BSNL), Near Railway Station, Chandrapur (Maharashtra)- 442401"
28,NPH2,Homeopathy,2,21.15871523042476,"79.05748809075664                                 ",NA,Nagpur,0712-2955004,"Opposite CBI Quarters"
29,PA3,Allopathy,5,25.629136455341797,"85.08453381349342                                 ",NA,Patna,0612-2950298,"Central Revenue Colony, Salimpur Dumra, Ashiana Nagar, Patna"
29,PA4,Allopathy,2,25.617995195253307,"85.12329410129597                                 ",NA,Patna,"0612-2532816,
2951571","Krishna Ashram,  Plot No. 1091, East Boring Canal Road, Patna-800001"
29,PA9,Allopathy,1,25.607720162444032,"85.13358018650655                                 ",NA,Patna,9312901213,"CGHS WC Buddh Marg, Adalatganj, Veerchand Patel Road Area, Patna, Bihar 800001"
30,PU01,Allopathy,4,18.652050050981988,"73.76539808465789                                 ",NA,Pune,020-27640130,"GPRA QuarterNo.4/182,Central Govt. Colony"
31,DHN1,Allopathy,2,23.807693489053303,"86.43284727116446                                 ",NA,Ranchi,8789078388,"C.G.H.S. Wellness Centre Bartand, Near Bus Stand, Dhanbad -826001"
31,RA1,Allopathy,4,23.344479189595205,"85.31838608465789                                 ",NA,Ranchi,0651-2481901,"New A.G. Colony Doranda, Ranchi, Jharkhand"
32,SH1,Allopathy,3,25.57176507373581,"91.89595033438154                                 ",NA,Shillong,0364-2501569,"CGHS Wellness Centre No.1, Laitumkhrah, Shillong - 793003, Meghalaya"
33,CAL1,Allopathy,2,11.236912817586608,"75.79146635582238                                 ",NA,Trivandrum,"0495 -2967725","O/o CMO In Charge, CGHS WC (Calicut), Type VI, Block II"
33,TR1,Allopathy,2,8.533638606844514,"76.94110527116447                                 ",NA,Trivandrum,0471-2443452,"O/o CMO I/C, TC 3/120, Kesavadasapuram, Thiruvananthapuram"
